"simulation","cetacean_area","non_cetacean_area","overlap_area","area_ratio"
1,188.03659437452,693.142172586871,143.937111042988,0.271281422212054
2,368.545556485026,796.56050947942,223.610421928838,0.462671136842929
3,433.134827004834,793.19602889294,207.670750204247,0.546062777960901
4,157.68830615288,623.419508005792,83.2989852582238,0.25294092361225
5,323.825583024622,776.765390692933,323.825583024622,0.416889818862482
6,194.78749825607,443.657636477964,150.293938773141,0.439049127616548
7,225.510154838615,823.135576323887,214.16760302014,0.273964777279753
8,89.6346611033862,303.9763439529,71.2289333144624,0.294873804776318
9,363.097732299465,605.931819528276,338.22369327347,0.599238595164288
10,278.053041992023,587.694425040891,128.795223904189,0.473125199329016
11,247.070788440825,801.232633866783,241.332440567575,0.308363361647479
12,264.820518098718,473.933501628702,173.824785082769,0.558771467281055
13,519.023686990032,589.230542291898,358.81460288434,0.880849938584673
14,280.553092794556,664.948292564913,252.260635024368,0.421917156463965
15,187.657468379859,485.512300197205,187.657468379859,0.386514344340269
16,362.827618217285,1030.2897079735,252.862977636973,0.352160771295035
17,500.433933879765,1214.5045775334,462.956609241388,0.412047795567904
18,274.191126705973,617.348655974275,118.023375736774,0.444143068997624
19,247.736905775426,617.125977923614,186.247261311626,0.401436521290132
20,389.344727530508,572.232194194473,174.168847971106,0.680396404607374
21,207.956112327731,525.22456708721,104.162605938195,0.395937519604259
22,367.455065290811,642.901922040814,228.688859630857,0.571556955568541
23,285.352451638978,610.082038303757,103.550217021019,0.467728000044647
24,304.145954945722,567.512754042554,187.404329655605,0.535927964224952
25,600.473223040455,751.776860667547,244.513222467894,0.798738634369857
26,327.471287222579,883.670377992763,327.471287222579,0.370580813138065
27,186.110386895708,609.212434746878,130.02638545736,0.305493414580475
28,210.541978144557,571.176464954691,162.179089788649,0.368611087925792
29,152.737679576792,421.450532111321,133.747305835833,0.3624095070224
30,198.015509975355,408.047262403404,110.284186973186,0.48527591830672
31,485.335470337241,972.53153355781,469.316863004056,0.499043427992242
32,437.259206885347,874.660140883445,237.026361869418,0.499918981610041
33,234.05478364,341.178643061625,170.552858629824,0.686018273417321
34,282.94758214535,756.142704403561,270.605400908119,0.37419865390163
35,268.984300686531,493.984490544502,78.0077402985247,0.544519728524348
36,169.521263527977,632.766078516142,138.527982111049,0.26790510630012
37,401.478144523327,780.657856265747,197.87252498215,0.514281821800635
38,349.804802544304,878.630321494467,162.551559101034,0.398125120413918
39,368.976057001664,792.652845028277,271.247579058238,0.465495152532381
40,251.959726730923,424.99126497672,184.972254204721,0.592858600857891
41,259.401568171962,804.135502830204,202.601486355027,0.322584399344367
42,347.321600183806,813.930671850057,198.207569768594,0.426721356248128
43,201.667838792643,398.315938148244,95.1582671762681,0.506301203336702
44,447.326939716193,748.868319738334,254.95961150913,0.597337245982706
45,204.060375808896,384.906519663299,196.770419364424,0.53015567516861
46,211.80695753284,623.953093596966,167.570388921235,0.33945974418015
47,416.703363162234,765.4236621263,367.749676330206,0.544408781412188
48,391.997900139536,841.637763486732,329.042904225632,0.465756073629075
49,167.273744737514,661.039978735401,93.9687203590288,0.253046336255663
50,703.929640664825,850.955577246876,531.808636623007,0.827222547788301
51,340.722476394427,569.382068184914,238.309674538868,0.598407458599087
52,245.601755967622,414.622017039782,225.819716574428,0.592350974801362
53,344.745972086726,639.339256004083,340.425421193787,0.539222281205464
54,448.283236374294,621.389836891103,434.830600029919,0.721420290066402
55,477.713515631339,789.132878091079,410.405155855936,0.605365115171647
56,252.941832952621,822.661537818856,61.1629629261186,0.30746767816963
57,453.095997727967,898.767323636557,293.961864976832,0.5041304749428
58,517.129305613994,619.038301865414,318.903526217632,0.835375297547298
59,255.556319791513,600.890137041431,71.7432007222665,0.425296246414996
60,526.000652511098,1284.72833452678,350.347045366001,0.409425587009294
61,317.611988012161,569.128060542876,304.06050094215,0.558067700456025
62,166.282068945453,726.890329973652,135.055391517532,0.228758124972553
63,208.152361772381,756.356263848171,203.465934886789,0.27520412234487
64,140.510578034696,695.689279333001,55.1659365378468,0.201973182868956
65,222.08864296943,404.582313063741,150.497746986754,0.54893314857894
66,357.375750900226,848.737165194149,242.326684382928,0.421067635018052
67,369.611410620558,429.742761544346,211.792671042609,0.860075942390053
68,221.236654946631,583.611549129632,171.102017158668,0.379082037147091
69,211.884643925688,935.547586459014,211.884643925688,0.226481952380057
70,152.395126843751,490.039268471133,119.677288267134,0.31098554064699
71,182.750308063857,634.473643407954,182.750308063857,0.288034514849582
72,250.885818385544,392.51990402432,54.0489284521535,0.639167124554272
73,263.130321818112,703.325334826244,257.947403890204,0.37412319560921
74,324.36095835411,642.070494917368,183.563502039414,0.505179666285481
75,620.291470047356,1100.38232195158,570.553670321833,0.563705411903783
76,255.61503117842,718.370777258743,255.61503117842,0.355826043138657
77,339.138838596842,701.785322161767,297.233855582419,0.483251541300642
78,408.46532445914,850.40202597933,376.895769872602,0.480320262629605
79,359.573723838936,590.764625176602,257.825447877286,0.608658183843432
80,451.778199150014,740.584410036938,234.990756253347,0.610029313373583
81,524.645934942572,723.354000514452,408.669303742169,0.725296237484608
82,331.134410517578,590.374185804094,330.009370748324,0.560889040340696
83,664.147866638255,1014.51794015153,622.782406686651,0.654643787313465
84,375.96584438476,740.97935219217,152.494289495229,0.507390446538725
85,158.826838363753,416.880308839935,156.11912171432,0.380989063277479
86,336.329809572858,463.543965888606,213.996113049746,0.725561833014306
87,209.248934905526,664.167915603637,209.248934905526,0.315054265630021
88,389.167384708637,907.716103164217,358.569094840941,0.42873248954385
89,534.674545106987,863.086757135841,330.230970965058,0.619491077445456
90,422.070819870615,734.58434672763,352.878590281721,0.574570941718026
91,416.268251087805,750.927415676859,276.771055455015,0.554338864712505
92,349.882917578932,651.054680094396,312.71526603225,0.53740941932589
93,418.15982147847,712.239560201182,192.06810012584,0.587105581948236
94,559.478257402843,662.716058743766,215.237821141405,0.844220160385703
95,191.719902404674,858.072585675539,191.719902404674,0.223430867743826
96,210.97988719394,487.920953937169,208.88248484636,0.432405875360516
97,212.178584749224,547.334297898092,191.665368155803,0.387658119661139
98,556.477946070809,995.651071734824,374.693703866075,0.558908599476723
99,189.790186358014,579.966255284894,172.391838369673,0.327243498442481
100,366.390004048676,754.933385975628,215.080317659004,0.4853275942687
101,79.1729255817519,683.769030136485,79.1729255817519,0.115788990276363
102,260.314364234171,344.559816542809,205.538719987598,0.75549832492388
103,261.198024338302,568.621830108802,221.566458241973,0.459352790392032
104,188.688426228987,471.322362512953,175.417451721092,0.400338369736916
105,503.90591163685,821.621796313088,292.622342246509,0.613306406789665
106,371.785800847025,787.220429187446,342.321017776837,0.472276616640622
107,199.849396863269,717.523298955663,166.861152967461,0.278526700323382
108,235.727216369529,501.628070508049,187.106995159617,0.469924292974243
109,173.17497731076,997.322350092279,173.17497731076,0.173639924237872
110,191.384725384061,538.394780293171,135.812467025455,0.355472847043291
111,216.433700716519,406.626940028399,190.412754196841,0.532266014399841
112,182.254219298766,720.837964900142,155.816678229501,0.252836598754914
113,291.58813285824,642.935865047852,145.863807808281,0.453526002685412
114,496.543456374077,704.80475115596,174.022523875424,0.704512073109168
115,445.417855977743,658.839087577429,327.858978074359,0.676064708934557
116,343.15882943507,767.626591034429,220.022996226616,0.447038747019746
117,756.717055632431,1246.86642924576,659.969942266611,0.606895043352941
118,258.835846073697,525.185705100192,223.694858304963,0.492846327613426
119,580.497618580467,1039.43304042632,300.24779765263,0.558475241793716
120,179.47063019898,424.446965495539,92.036375029736,0.422834051810099
121,266.21057082694,1180.96651827552,169.408689296924,0.225417542925491
122,1079.62580838865,1289.55340448965,872.370896722924,0.837209071473795
123,489.177949095513,691.067176752514,326.225919361973,0.707858751726966
124,245.33415405159,935.901986665277,86.1714507293511,0.26213658860341
125,148.622472530023,667.746507969165,131.81633775689,0.222573193204757
126,278.382001297705,718.015552722049,224.618679961512,0.387710266500967
127,426.177065561057,1034.13442323689,46.4601600268993,0.412109930764227
128,231.191880767942,478.489840269979,51.1390761831216,0.483169884312478
129,356.82092005239,372.879838253359,159.425683846713,0.95693272589853
130,159.352663488475,661.399099634264,159.352663488475,0.240932688866061
131,193.243893834753,456.12608558424,156.926438236032,0.423663324554727
132,285.988464555363,658.169888761428,208.005169310231,0.434520736118069
133,286.231046758689,593.379492575288,142.750851094179,0.482374349535466
134,109.352708487123,771.19151560971,109.352708487123,0.141797084477347
135,567.479186713686,858.196467200717,411.768685750713,0.661246239529163
136,332.543586431885,760.485970989604,186.446893653439,0.43727773965265
137,181.859706783074,462.299786461211,137.825318749463,0.393380468927239
138,355.394340472659,634.827385789128,313.563227103164,0.559828306762291
139,244.106076650412,605.167770457493,240.660712274849,0.403369261495658
140,128.281766589106,784.759287146582,128.281766589106,0.163466388598654
141,282.085189581855,633.428466813769,191.762844776099,0.445330774287397
142,292.93153140037,575.955428056768,232.023763986626,0.5086010429465
143,506.448145900494,1071.80438243528,443.208856893257,0.472519196786431
144,213.006954280982,447.697534833581,188.130619140658,0.47578317437053
145,279.535927865446,423.053161572038,199.500590128883,0.660758394587359
146,251.683132286945,700.785122813181,238.74720330576,0.359144513908353
147,125.004133603231,616.976412446357,125.004133603231,0.202607637960713
148,410.287746606571,598.985979706512,371.922945421287,0.684970534381458
149,156.135606952353,747.66740394277,156.135606952353,0.208830298243555
150,208.882341922181,631.517819938932,208.882341922181,0.330762387579783
151,193.557760732234,399.804254417661,0,0.484131318247633
152,376.003142140696,618.624568537037,250.579418336443,0.607805058615587
153,300.082623529414,902.190137733193,126.301930324359,0.332615721430285
154,354.295464482338,603.088114053852,334.108182573254,0.587468822923446
155,509.117516099142,1108.95855371372,296.289274519846,0.459095170323714
156,350.649730887544,794.295682466636,323.915069513285,0.441459948263376
157,182.019691320669,479.978022646432,156.991751440055,0.379225053507816
158,278.44063145161,822.719877454522,141.575422973323,0.338439168764342
159,502.447578492928,667.334336463448,198.607410030733,0.752917317510828
160,173.489464735722,493.366982563167,124.766219104389,0.351643849035864
161,81.4021224183545,366.384888158459,54.6232534876413,0.222176528151862
162,81.835654187416,535.690087766976,81.8356541874159,0.152766788216201
163,438.351532862079,595.571092367343,179.341672783974,0.736018820389133
164,346.717649240362,419.643966794024,105.170565746345,0.826218596419242
165,397.728576363343,508.635736713899,231.239769748169,0.781951694807988
166,252.821283613653,684.167688960899,232.239602812331,0.369531165667342
167,206.105084065219,488.454250182649,40.6143532937398,0.421953712119712
168,336.728257984547,652.082899131755,247.760676785671,0.516388726698552
169,262.333056472499,833.045469751629,262.333056472499,0.314908448575698
170,456.632581320125,513.264759860033,162.990388702763,0.889662834917106
171,152.698212960985,453.071450183249,152.698212960985,0.337028989355265
172,203.677766820542,494.861904761677,175.738844140314,0.41158506011618
173,624.097226457158,757.303105768686,492.353832650952,0.824104934606971
174,346.036643592339,725.438260900899,161.419406201937,0.477003574587597
175,147.995295667337,443.483945743937,47.041510485709,0.333710604606165
176,330.426374708874,872.451945066394,330.426374708874,0.378733036905234
177,343.799560667431,567.923563942958,248.9769146077,0.605362380600151
178,630.573912589639,940.291513422027,575.106799027187,0.670615339592691
179,219.412510150365,541.360551982776,209.50833711327,0.405298297681183
180,368.65560076124,1205.64862959112,345.196662269877,0.305773665488481
181,440.728136049648,370.136706518746,160.164568724261,1.19071718175384
182,367.46253088992,493.492465583366,201.336973119292,0.744616294101951
183,262.769841536725,572.058462023175,262.769841536725,0.459340887306164
184,357.502507243653,708.423714139195,242.482738846177,0.504645031085745
185,532.29298449551,875.64464214481,360.845364694395,0.607886988483945
186,219.300886347394,823.36983828088,133.322003651551,0.266345542612143
187,173.217343461017,486.402230502474,138.704427515592,0.356119550031825
188,271.16537166057,736.837087848713,267.194850766174,0.36801265317992
189,150.010936314053,626.460980760369,134.908070939674,0.239457749039656
190,197.674071594302,589.687805668663,194.401501216895,0.335218177642581
191,325.853744129187,522.607655918216,209.705607972409,0.623515060369074
192,271.399407035642,584.375333760586,179.762555324075,0.464426527535182
193,353.030610148436,770.349564460437,0,0.458273265067272
194,651.285850555911,1026.11124695128,334.399575303443,0.634712710235829
195,133.208811996933,594.29299585213,81.2701796789388,0.224146696876228
196,730.043428333541,724.101207267051,411.691986357983,1.00820634050441
197,192.58228091046,564.148868321279,151.951318319537,0.341367840519686
198,273.603649149468,682.010001595164,61.9113406810701,0.401172487954035
199,235.510671673686,458.440721857033,216.019637538578,0.513721099468845
200,189.641367832056,911.263761113589,189.641367832056,0.208108097704126
201,282.415033415541,646.571574695762,175.835333105702,0.436788507982939
202,508.822199931688,543.44701511623,389.994991011882,0.93628667704222
203,970.029949966398,885.356899643659,478.979517764005,1.09563719484969
204,238.880258520901,1151.34975894242,197.339182085723,0.207478445768145
205,544.871137618317,976.198070777471,491.938960149744,0.558156335203947
206,445.756083573141,679.867257317315,257.170927926611,0.655651641957354
207,715.673613595229,910.96655764399,353.332934167802,0.785620073086061
208,220.72184379834,451.762061766756,197.94653495703,0.488579857580644
209,624.744780015547,767.276569090657,544.712055277676,0.814236750062584
210,578.232312001154,745.190905990402,438.338270162181,0.775951916955628
211,469.482021416629,746.287725547956,410.650571598299,0.629089834047471
212,155.154987667782,788.545424026271,30.5900798111545,0.196761001890758
213,276.539832703978,716.274261751766,250.933889063284,0.386080929430096
214,267.330648639192,1120.95167970706,217.058396353356,0.238485434723693
215,257.644728087912,333.422146141316,44.0621658190182,0.772728299753409
216,490.449003002143,1067.61273398941,469.290095183643,0.45938849115208
217,230.332349105475,776.296357914098,230.332349105475,0.296706723865582
218,549.659216855288,872.155676793415,285.276728006398,0.630230624509808
219,94.0122167914829,622.982157731997,93.0280794972467,0.150906756517297
220,238.3904332262,598.898692478382,55.7419420316144,0.398048010824142
221,83.6087761111361,705.891913445003,32.9430013409387,0.118444161944136
222,214.955661318162,475.438376012756,61.7518336881503,0.452120973323355
223,161.609258725672,548.805965972236,74.2377489332412,0.294474311042472
224,260.79935639328,1688.11684896563,233.106308757909,0.154491293984229
225,712.620535788052,939.448596366895,508.450439389214,0.758551919225757
226,182.184659846398,659.667768798743,178.925503043721,0.276176385240341
227,264.284258249339,496.342181934533,206.186836186993,0.532463828118073
228,123.297291075647,681.631875375393,123.297291075647,0.180885453761598
229,217.058752741298,749.809182487046,19.3889237743464,0.289485322147343
230,190.140564942158,492.608356155471,114.814981872066,0.385987291052263
231,556.25887528699,834.544716018316,350.606468207207,0.666541725817819
232,130.992198259701,466.001882350632,113.228017087973,0.281098002434975
233,221.425817727442,418.083853131606,185.054947137444,0.529620591823576
234,381.9331030211,560.274467430358,257.168382695806,0.68168928841751
235,371.459747718626,705.76283814535,251.004692439323,0.526323755859365
236,220.856212657466,538.052182030695,184.235500184587,0.410473593516375
237,698.913770286507,638.993149507871,568.208093290544,1.09377349479378
238,224.167573789779,755.052003093684,220.985984061517,0.296890244474942
239,183.656444340222,441.966388119772,97.2889722783539,0.415543917539835
240,246.56498589017,529.210446264182,225.275691807255,0.465911033371938
241,756.608184741479,1442.74075288604,399.920256350567,0.524424213586517
242,304.530796971792,725.220627304348,262.782341430705,0.419914692862138
243,388.407983946476,618.61447707725,352.618836572835,0.627867594986745
244,197.004809973952,510.641187588663,149.028990873327,0.385798902952273
245,240.403104865539,555.683814630927,158.848812749416,0.432625710045576
246,343.096334751692,625.933110671863,327.851180603691,0.54813578144703
247,202.74865109219,319.064328193856,179.808624510608,0.635447567078087
248,652.468888134606,1127.78302313971,507.535209843213,0.578541150866197
249,195.225720062855,414.838410017141,117.59617915024,0.470606663579653
250,387.279044716739,729.274209671419,329.627420917705,0.531047224186401
251,310.702339495589,810.90164783842,274.317358219501,0.383156626113429
252,184.275064991073,326.520585098365,71.7310665811921,0.564359716970247
253,104.405605901032,595.425112073042,104.405605901032,0.175346326152641
254,540.711864421758,856.855774398355,368.415123928778,0.631041863260384
255,111.32405666145,860.056596799682,111.32405666145,0.129438059164586
256,377.880921164776,622.984858237643,227.283995043907,0.606565177577125
257,119.004499863869,393.652634454996,74.6214274661681,0.30230840453698
258,337.682615425966,617.734114569171,141.710778020405,0.546647186000853
259,147.946248264155,632.25838133291,145.89033440813,0.233996499899706
260,185.4099760733,590.637277239913,147.644642786673,0.31391512730069
261,204.133304724962,540.059363417761,176.939896393241,0.377983085846538
262,275.890955473907,937.744932639231,202.929318589273,0.294206820928829
263,241.468132859875,743.861622202538,241.468132859875,0.324614317572803
264,367.885398445183,895.267729946044,267.925052616643,0.41092221481875
265,321.054399705624,467.363468238825,261.129011196388,0.68694799984145
266,286.338054343087,548.440426833743,237.069231767823,0.522095090612073
267,227.24885300626,762.824253197448,226.562989589467,0.29790459867227
268,176.549260441711,501.437403182304,143.671137260919,0.352086340829913
269,1047.90965352835,994.361417286868,402.477974300935,1.05385188454675
270,194.349292384925,568.825322214145,177.752278675295,0.341667792897163
271,461.646246352798,878.542502836219,342.062128011903,0.525468312417959
272,298.039430766275,617.151618389178,239.536663960053,0.482927406954203
273,388.493288897577,770.151150142826,343.263679038445,0.504437718265473
274,1134.85245040845,717.655177947976,533.091820284702,1.58133388468454
275,344.513939662103,820.671001087944,275.749842835366,0.419795434717919
276,779.709586307815,1370.38663832933,436.03152446678,0.568970511313783
277,230.926549764861,619.370973758126,226.662636243694,0.372840445466276
278,475.95957554952,732.589658762346,445.971832700379,0.649694641272466
279,168.354923952268,395.89674737865,143.658637079849,0.425249575974028
280,329.841634840782,924.635177094718,306.889289032149,0.356726245130725
281,605.585176775679,732.237807609505,285.472159713453,0.82703347257184
282,144.795339658848,762.517216905822,97.6390506869845,0.189891239762959
283,406.366538746159,640.489602875639,397.570571800805,0.634462350242182
284,182.65397676082,558.318807243494,164.840390874637,0.327149962335338
285,375.982488743744,878.44632669685,223.105736014833,0.428008493310593
286,752.310937522354,977.784100929875,537.12186778904,0.769403937747509
287,196.33705712734,932.146378734862,196.33705712734,0.210628997340327
288,477.616922826233,881.517430116987,348.817910599171,0.541812227992869
289,182.17598129068,517.552083897305,158.229515730895,0.351995455063858
290,458.049892583903,384.117049568332,227.77441386944,1.19247477584933
291,266.63717244968,734.655608692456,211.28417186284,0.362941723026171
292,598.378400661126,1002.00076767272,585.403296399269,0.597183575069449
293,224.890895318428,849.594709316184,190.845022491565,0.264703737973411
294,248.727972677273,457.791115653895,206.943585211523,0.543321974088547
295,230.014965263048,941.682947990288,168.939094458241,0.24425945670349
296,177.538687452688,613.391735634321,177.538687452688,0.289437690693846
297,479.120262966817,1112.01365340245,408.270623148476,0.430858255652564
298,148.043132169828,457.193116036541,73.5193771717006,0.323808751656698
299,156.412310623656,455.625242775546,121.766180182437,0.34329158250942
300,392.938032646691,705.763437304912,323.495662672379,0.556756006158661
301,139.453970583942,546.281444005449,112.957593902599,0.255278615289284
302,377.231686615032,516.544001899184,303.228285876298,0.730299229548808
303,235.997909613206,464.328431618092,198.017228829651,0.50825642700965
304,462.256781634668,824.655964098965,425.834341654335,0.5605450051401
305,227.635176994184,461.130379400721,64.9515945505333,0.493646021088472
306,246.84157468397,704.201858601002,229.738752514825,0.350526729898663
307,466.854793692293,777.776606852934,329.071434760867,0.600242781254757
308,272.251775571969,467.947106319666,253.33337784699,0.581800318658211
309,289.185117013275,556.447955386709,289.185117013275,0.519698408833766
310,148.004615143213,635.401616272995,148.004615143213,0.232930813130988
311,556.061971738088,1311.1419695949,303.685796102879,0.424105081397016
312,112.095002690855,946.305569000193,112.095002690855,0.118455397878813
313,641.041860418263,1013.99021915982,358.130745981057,0.632197281892344
314,236.643452555003,808.189955156415,236.643452555003,0.292806723277331
315,191.93064111933,675.965738870116,152.412760794833,0.283935457202526
316,75.654159316974,607.379465109463,75.654159316974,0.12455830936487
317,264.823619949614,844.881289719352,229.28313880833,0.313444768125451
318,268.380666794674,728.005619837951,259.331938574781,0.368651916250885
319,213.618611911004,518.104748754904,206.684054687384,0.412307766767949
320,314.355969467864,653.793254580549,227.467625364307,0.480818618524206
321,462.778125396407,808.192903240177,218.65426291899,0.572608499209847
322,212.114283103483,791.403108181125,212.114283103483,0.268023060448908
323,324.326962415522,662.752740498366,310.790378796502,0.489363442196618
324,251.943803090533,555.118554803683,251.943803090533,0.453855849188167
325,147.825775998074,586.813949723006,147.825160491309,0.251912511738776
326,603.966798523654,826.409917405523,289.48736575065,0.730831982776515
327,364.86268209004,912.425226273868,239.525175246744,0.399882282496786
328,524.923087046128,587.757202101458,367.151640665293,0.893095116774965
329,399.882873022586,953.445755750671,374.866439304693,0.419408100157464
330,407.148451098753,946.639253484524,95.9585736894348,0.430098846630396
331,380.059002397255,507.260308905077,250.379499614173,0.749238597472003
332,238.568356616058,1356.42058623548,236.375056487432,0.175880813839729
333,314.835164454154,470.402881744402,240.187772545112,0.669288341275985
334,283.253250307548,716.717669583475,209.322316193672,0.395208967670857
335,854.92373713503,957.041266591756,692.171343902428,0.893298718643147
336,292.252552151917,486.337687081497,176.611125019302,0.600925159441619
337,380.74253334576,715.238152905237,344.724909992462,0.532329730732646
338,630.706136576184,939.596761750489,526.949666308366,0.671251926625593
339,238.799964362332,887.55998268954,238.799964362332,0.269052198183503
340,473.541939572172,832.862039981755,406.041388422782,0.568571884465458
341,450.926298836585,970.593713865123,325.224556568645,0.464588109726051
342,291.784234208971,451.405004039547,79.1241909782707,0.646391226499139
343,130.931468998906,756.685181908677,130.931468998906,0.173032949672203
344,645.020659874586,771.556345698195,501.251840499554,0.835999423076348
345,281.445022081456,643.043840860055,247.285164968869,0.437676258130442
346,362.108951386875,619.217166601455,324.999250585618,0.584785065592244
347,493.79554544357,721.2640218083,378.483033856829,0.684625228089933
348,182.759844478738,766.994446681143,162.888447561208,0.238280531586058
349,78.5479986272266,415.033922906082,78.5479986272266,0.189256815629023
350,296.961719384062,1083.16253576853,129.215379225764,0.274161734345215
351,290.212057586846,537.877399077488,181.149580091408,0.539550570603241
352,532.15716822896,1434.09764579453,479.067473351477,0.371074570681782
353,232.032488587238,713.306096003226,183.568584415267,0.325291610274124
354,81.4427143305483,578.353992683375,81.4427143305483,0.140818106835712
355,255.895529594511,654.818319566504,186.899926035434,0.390788592725867
356,639.76129572835,1206.58996134421,367.896909110122,0.530222624275459
357,325.486364958387,1002.4920324765,254.604153783713,0.324677258685361
358,245.108755266252,612.190325564128,139.233513569197,0.400379988103187
359,306.249868308348,996.427978943328,239.349383331296,0.307347720838904
360,234.070912605117,675.295254060717,194.895326153027,0.346620106090766
361,288.780262439089,389.181400414756,228.904554852402,0.742019690898207
362,286.232232860678,573.561458341036,177.371436715415,0.499043700894013
363,426.13441906923,929.78793510955,341.737826497788,0.458313560520681
364,343.350365901853,595.154219328022,154.056601834913,0.576909907972297
365,257.287326916304,958.350557640255,139.254598869286,0.268468907191772
366,275.276341895083,831.561452374785,140.976516480593,0.331035476823685
367,398.246202734981,881.767293299955,320.154142459636,0.451645469004153
368,174.104127892024,815.785957940323,135.188935229409,0.213418882977096
369,384.632127984359,614.967718708395,269.21873993346,0.625450924143131
370,424.372529453956,740.12641766105,390.975865274031,0.573378438233646
371,205.741644659802,676.67151817157,205.741644659802,0.304049511668136
372,98.4779275811266,444.366885033998,98.4779275811266,0.221614010624559
373,276.258055224251,980.217122297893,198.289935080493,0.28183353355084
374,275.188200784878,493.767046694421,225.492599509626,0.557323949881137
375,391.091605937304,652.568697125453,313.578956070871,0.599311011484388
376,214.853175643366,318.861141884157,89.5325793286243,0.673814232658751
377,466.978296862574,880.303174196489,85.5624979181416,0.530474398537545
378,900.335621835557,807.333509527909,641.779634471717,1.11519664576047
379,488.233297753053,814.387225058625,429.975953218076,0.599510015297583
380,619.66522711947,601.637019659517,351.572676273868,1.02996525624396
381,270.561177682492,494.003894147025,238.625122770519,0.547690374282693
382,195.413407185677,887.232290747997,169.311886928747,0.220250558082067
383,261.89793501275,583.053663166331,260.304061122971,0.449183242568938
384,297.273541136949,801.784244639043,28.945303600432,0.370765007075912
385,331.566249726793,544.769702466925,216.10181075094,0.608635627541941
386,459.312262917817,432.02636785044,278.308274899758,1.06315793918584
387,297.581959799028,669.049041070472,218.655929111757,0.44478347853679
388,315.837323061503,906.568383013891,226.344339312661,0.348387754282253
389,320.475849814585,652.152596046324,267.316033815837,0.491412365384222
390,329.40419395861,354.645534685508,207.473334586066,0.928826565519056
391,172.453943637329,764.169835909613,170.512016196663,0.225674889970044
392,107.460140673942,564.364793331793,12.2563248089125,0.190409008399582
393,164.324005324461,353.653225828453,96.503036260637,0.464647268350296
394,708.378445380621,1315.65444816814,562.001658001711,0.538422871117058
395,225.140184230028,562.901224002204,154.873731122785,0.399963927293124
396,519.302819848928,699.303326898716,364.770353246489,0.742600242089427
397,202.915065931068,640.075044957732,155.75271166187,0.317017617745851
398,444.076352074846,770.522196247816,299.251913078842,0.576331680303758
399,541.661834209408,904.647553443079,320.08144773085,0.598754544958253
400,298.938356089174,831.568075409518,241.738628209293,0.359487533166732
401,210.022749600212,355.812968218989,149.751465597056,0.590261649684874
402,362.115758541957,515.979731656808,209.266875365246,0.701802292464485
403,197.015037530928,665.97929493349,173.277253308216,0.295827571562271
404,275.435846852243,310.823642052184,215.789802843398,0.88614831559692
405,349.147170441489,633.865529669995,214.624888664037,0.550822144601022
406,223.335902584551,862.633146623903,197.094564233626,0.258900209734141
407,565.256837057214,1030.72165756125,460.772224729737,0.548408809410919
408,700.153048111748,1173.62571779225,556.953955546819,0.596572687098944
409,215.755194678649,419.841477683529,94.6660701707157,0.513896806644918
410,461.41616136236,517.909739713639,241.66997802577,0.890920031002863
411,233.745594594705,727.761743766981,214.857844462205,0.32118422903739
412,501.424489577032,697.69086696723,445.879853480497,0.718691491199617
413,156.173689532116,593.069168843076,122.646149353259,0.263331324129984
414,171.82777833996,570.525892895277,171.82777833996,0.301174373467918
415,575.855266157699,743.677644129949,364.630052735126,0.774334512679092
416,254.698150520767,698.322010286443,106.268179928631,0.364728802427827
417,159.942366720331,692.26462130988,155.457304753469,0.231042237024468
418,164.995906774419,495.550251360909,31.1077639987893,0.332954945177199
419,310.479895078486,397.650515151756,259.651070185972,0.780785849001093
420,355.202022312681,769.372755722576,161.162530432173,0.461677411463685
421,219.175768659049,483.045418020459,188.31117714805,0.45373739297071
422,318.142415478837,472.694493432265,184.631650061606,0.673040240364944
423,451.209097301853,598.839490934353,209.984620544236,0.753472514976998
424,300.395121060011,753.888861195323,189.235096518125,0.398460750015223
425,300.481403346506,751.409975583627,294.235419128462,0.399890090776502
426,449.079068295328,1109.45724321262,284.283079792234,0.404773659411105
427,599.882171013862,547.075278723001,412.542546593731,1.09652582440597
428,171.487375527486,495.526105103885,0,0.346071324519895
429,678.577925565267,612.575315163843,416.746725901044,1.10774611507774
430,272.796625678703,731.899687863648,171.266472916808,0.37272406342319
431,206.02747108143,361.224947756818,169.333219408478,0.570357812661739
432,418.332018954542,812.515541335085,266.241763162756,0.514860329030949
433,498.424907950228,632.941533730289,189.875174989203,0.78747385246268
434,233.815707720033,653.296322355687,215.004039069214,0.357901460208638
435,508.137464006003,645.081689758486,274.60877437322,0.787710257589618
436,330.62501954677,928.279628058938,153.495938080103,0.356169638493648
437,288.020711135355,790.297357370149,55.0399200990163,0.36444600054566
438,448.563712772683,1111.11683790869,424.926938555783,0.403705260750936
439,213.069259165363,662.376697317218,172.681845543053,0.321673845152379
440,732.807025930495,959.28509118157,418.569912150486,0.763909532908389
441,135.49688497271,478.885384137091,88.0112189558432,0.282942201748052
442,152.006195430429,500.95097332809,128.843692469343,0.303435273157709
443,502.801477999739,683.508802736308,357.363699602444,0.735618145643276
444,507.824178243082,777.053236621177,281.786342586807,0.65352559427103
445,285.966880830942,668.861664114636,188.33223911981,0.427542638744999
446,647.767572286427,1019.61506019663,320.457363166782,0.63530600672131
447,373.952205958309,645.242482569229,307.141631925664,0.579552983661747
448,359.382963620353,637.674507703129,259.68954357021,0.563583708112831
449,245.831185698344,606.831555072354,245.831185698344,0.405106134714819
450,440.334996244013,713.9360424203,219.068259160452,0.616770929159484
451,225.354985975398,598.715489954476,51.4894539307859,0.376397453809878
452,457.960683952872,649.825228449481,408.982353755115,0.704744389573165
453,571.092922131278,890.946229664867,483.512212341878,0.640995946911518
454,256.35425410603,1081.73813328318,247.780352961814,0.236983652714516
455,420.590595314541,582.606624949827,366.786525249976,0.721911796575882
456,320.045373547215,584.583734699448,288.070835692315,0.547475672944886
457,161.653067618537,400.641295163422,138.714718364236,0.403485785339723
458,329.414616739258,751.618013484324,278.275530459676,0.43827397804394
459,295.387297527264,573.503895628305,234.191095766193,0.515057177080988
460,333.661190182123,581.18168736591,299.166728481213,0.574108230585129
461,921.092297034436,940.369244921388,615.391223787952,0.979500661053028
462,256.814009015265,616.22648891397,232.14803540155,0.416752628514673
463,455.475370767464,828.198785583357,249.622880731347,0.549958993777855
464,586.129931681894,704.633372749383,489.606257831423,0.831822553897631
465,755.926753097722,1272.34888408157,505.438350182389,0.594119083653208
466,381.808064877212,480.898696525857,289.270719733085,0.79394697393754
467,337.85881312059,764.684322802049,287.659883732923,0.441827827570163
468,223.630017135551,498.94197805862,192.34538285938,0.448208463047536
469,404.379525057732,742.616084881431,379.806158610271,0.544533754776261
470,865.742898339025,832.964293818532,579.102501239449,1.03935175224646
471,207.606928021254,568.996131701275,167.160225782988,0.364865271404426
472,335.475368086783,809.478755300437,269.375978267782,0.414433814216991
473,1105.97468039934,1108.96392940171,889.533199508536,0.997304466878391
474,488.612516474543,1226.87799267054,329.355352089027,0.398256810696379
475,839.968555317486,655.833902151665,304.2256220994,1.28076415775658
476,354.28800939501,536.545948527861,240.713394771861,0.660312523777472
477,470.372018123979,625.40389801537,328.827804751254,0.752109188344744
478,501.820814982216,800.438947619536,389.127948312506,0.626932030824593
479,197.761839716822,692.161839638266,162.2031823907,0.285716184267216
480,293.315151272338,860.423340213252,288.97402797353,0.340896321105888
481,220.610603887913,542.704727773867,197.22575443987,0.406502085936935
482,270.346378192235,836.940779326223,270.346378192235,0.323017332731566
483,477.702406375059,985.50778841349,444.740145824482,0.484727175159197
484,385.108357621899,713.076366355535,342.455621489193,0.540066079584366
485,742.353761226714,1089.10849324897,555.952951083407,0.681615987597493
486,231.079451005226,557.656310572123,172.719390309016,0.414376106975552
487,286.959180033198,424.943343657208,192.559221898699,0.675288092674964
488,353.120072855909,999.332520294007,292.226573905192,0.35335593076869
489,551.345975575849,733.01229847204,391.118114879613,0.752164699999068
490,671.810124304465,553.76514889906,203.85584061328,1.21316793886378
491,402.416249988058,778.855162372601,358.487880549946,0.516676616435577
492,270.610920563521,1126.67440900167,270.610920563521,0.240185557070835
493,301.049377353865,701.042733216876,226.833605284834,0.429430850773447
494,311.714665238248,477.818594272947,182.322561716794,0.652370311608648
495,568.590534639203,612.150112455859,325.180346350305,0.928841673095671
496,264.710066871575,707.143628772994,201.920376272369,0.374337059828834
497,207.684183451101,419.8982080442,148.515227109694,0.494606024680245
498,220.512333211486,781.395175379647,170.233436254682,0.282203346218958
499,142.812519880928,830.316712528053,142.812519880928,0.171997645869501
500,168.285938418872,800.331982964618,110.566406198019,0.210270165382497
501,353.019167464695,755.661161437731,132.561627151166,0.467165954107045
502,441.274610084399,1018.35172322059,326.470408386661,0.433322397382355
503,490.688597447369,562.068234424592,356.074013104862,0.873005388660158
504,226.459789493321,619.239372515042,177.020868556549,0.365706380351034
505,273.875935300694,491.13046231119,167.587850740545,0.557643958820785
506,413.774986825454,683.803854436795,398.683980144401,0.605107713477651
507,96.0048181056323,312.722789844063,94.0328606693461,0.306996551653637
508,242.661973240543,394.689564905129,200.060710388091,0.614817301538922
509,228.883930693365,545.64996263645,221.914134472975,0.419470258162307
510,375.273457023921,657.107909706534,293.37339103592,0.571098675697754
511,496.906029354384,599.359017418044,348.905987859499,0.829062406527204
512,302.086738320462,884.787772437296,302.086738320462,0.341422822207763
513,419.873133850497,745.762532600765,201.380189949502,0.563011837543293
514,234.829422165316,684.587093882113,182.079721774281,0.343023443275361
515,404.550624768464,619.133986122962,215.334187707785,0.653413693701058
516,165.467776075882,454.223560340858,143.234782612007,0.364287083549148
517,284.61768996674,617.630560510444,274.768229152634,0.460821902548857
518,198.294149157456,689.178115247544,198.294149157456,0.287725545501733
519,328.286428687799,770.133758182945,146.034860985329,0.426271962759246
520,748.70706851171,1020.32017398793,438.403694411017,0.733796202015084
521,205.426091265231,773.637675474818,130.506292312939,0.265532687687619
522,450.266896175058,586.752398781668,222.293203875529,0.767388249472848
523,643.795047893792,658.74903655554,427.112634059246,0.977299414751422
524,285.786243022641,594.439068632302,161.823468646385,0.480766251922479
525,434.839281342622,919.733171045692,347.014465341766,0.472788516313085
526,281.47205646196,614.09265409581,216.274077819313,0.458354377934058
527,459.641969673275,806.540443267368,365.341007381128,0.569893268849885
528,323.112111156226,816.434934807677,294.871744938514,0.395759781191063
529,412.732340539355,773.563896529708,377.677556194455,0.533546540099554
530,164.362589255412,610.786003562114,100.257513600811,0.2691001239335
531,315.425612681362,456.78826032542,188.119992589871,0.690529157769181
532,262.241114557476,724.422917819784,66.5918962890845,0.362000025270755
533,330.703701180711,1111.65106950069,219.443949384977,0.297488762664753
534,223.176741142912,673.08365543689,126.134080777319,0.331573556035989
535,484.891457760052,736.874367279098,339.716343810103,0.658038166737309
536,321.763197509954,526.880782113021,316.89679437604,0.610694503260384
537,212.311672397009,760.645886412095,110.226879422596,0.279120253181761
538,58.5612666565648,673.342058047159,57.8424815843896,0.086971051275789
539,354.908374699072,775.928717670378,118.318109386784,0.457398168951185
540,156.804830523019,459.565105885987,148.914208026213,0.341202646838728
541,343.269836234297,899.598639543183,240.643738558717,0.381581097553249
542,358.78001184972,721.496251096112,261.88611167641,0.497272177512571
543,731.013961350515,755.333879422558,586.503249495312,0.967802426536679
544,175.528244771388,707.64534092199,175.528244771388,0.248045503334612
545,554.510613705962,1154.72573281134,464.264314437558,0.480209800431076
546,637.974555658072,658.733298683544,200.761899865897,0.968486877668158
547,88.8472376054202,321.04040446613,46.2308375160776,0.27674783724861
548,765.345728835726,812.20310795267,548.004819025945,0.942308298677829
549,438.938794654029,786.175257912664,328.236110568647,0.558321812135674
550,231.045391262161,879.776883020415,231.045391262161,0.262618165720546
551,70.3361066583606,489.738273697033,70.3361066583606,0.143619787212859
552,144.745103091573,660.495351167273,135.280558467508,0.21914628594398
553,225.130967664549,831.148046648084,209.73694234351,0.270867468885326
554,230.665363959215,703.14275667578,190.993497418193,0.328049121987293
555,272.605529979384,565.617007815694,198.024513800044,0.481961338171451
556,299.050896379914,584.664856902732,104.663718203367,0.511491143771048
557,228.765208032288,414.141112357102,161.478813289927,0.552384685331676
558,293.848568899074,609.322373865149,143.614618866604,0.482254684060077
559,131.1255642293,497.550935187245,67.5731057343429,0.263541991293721
560,447.764279587374,956.053796760537,319.943106865063,0.468346322251493
561,391.236043785606,1016.54110706734,148.759333945542,0.384869870057984
562,442.713305149567,909.887036214314,408.652991441712,0.486558536971275
563,252.698213300525,457.313235691022,151.863448664205,0.552571396536743
564,507.793958561192,623.127493676646,373.903329378832,0.814911817748643
565,222.335255759677,452.578967366226,171.028443266032,0.49126289949697
566,187.430915179825,619.314219947951,142.819187821201,0.302642679826692
567,115.921207901364,426.984090209576,115.230704533656,0.27148835415499
568,265.879913467191,631.220426184508,181.398218691022,0.421215636310023
569,415.037121704144,584.435919077077,225.027937859274,0.710149920900751
570,1228.0836111402,1025.92940756152,520.171595783858,1.19704494489457
571,426.675497813502,1226.32716475876,415.540581179188,0.347929581986743
572,346.616707595602,836.826637794694,300.618038435186,0.414203721464995
573,849.210602746289,698.944303558611,556.92582580365,1.21499037680486
574,336.75195011701,690.65187909416,316.708743078293,0.487585656841597
575,174.19873776092,325.504626414227,106.818907270694,0.535165167020513
576,174.190151813199,542.455611432029,173.064041521092,0.321114111721241
577,255.567540173349,635.320309797209,215.652452784321,0.402265654398684
578,339.152643400182,416.784683223702,74.0620896691117,0.813735861829037
579,374.657570995341,741.547665402922,246.107438526512,0.505237341407811
580,441.895430726267,1052.3192656336,302.926650332685,0.419925250024004
581,220.279508524157,898.037500114642,181.425194564044,0.245289877645462
582,392.772747962257,652.319615133968,182.721772447732,0.602117027987258
583,459.135281327728,727.998820724608,326.268228168702,0.630681353124626
584,567.872536048389,628.982412195546,404.999998693005,0.902843267216574
585,372.944364598217,540.490054307554,290.308045945424,0.690011521259189
586,177.67568020447,804.820881997361,174.271879656903,0.220764252243957
587,358.771795089359,553.141561725329,349.470647479515,0.64860755349914
588,435.518329381181,651.472743437099,260.568291305648,0.668513508459976
589,230.809942699663,790.955301145894,208.969694408639,0.291811613583319
590,407.113993786377,754.916678633772,315.422084808205,0.539283347830069
591,180.374373319308,618.482292166596,124.865764775108,0.291640319543251
592,358.345931442179,739.120810923818,177.262508264963,0.484827278769605
593,371.178807164432,1091.4175813241,257.281403399717,0.34008871903467
594,776.047207157315,779.285640006055,541.584100202427,0.995844357084888
595,587.282993909648,935.415205693395,472.661774431369,0.627831352681842
596,357.707996339451,1041.89493960827,217.187241937364,0.343324439673296
597,517.720415300672,747.042247151468,345.0710622565,0.693026957009167
598,503.700410514528,728.767430664043,367.442383968209,0.691167565015307
599,352.334092193171,580.31312395346,236.171785915651,0.60714479416362
600,317.331961655428,588.732723207447,98.6277984949932,0.539008533323215
601,222.250496961784,671.467098583246,98.7844579257379,0.330992385823101
602,300.192625168415,449.237909793366,252.220756207295,0.668226386563175
603,185.729536742642,750.804911711987,184.660232695587,0.247373896794496
604,434.941002487208,562.618107533895,287.039381702136,0.773066128983424
605,584.089625606861,451.939383245101,281.115565981689,1.29240700691511
606,281.386219273255,748.3086285759,227.999139124445,0.376029633399736
607,312.258006963122,501.737258415535,179.488322876113,0.622353635743975
608,519.510808751582,394.071004053404,276.222963543205,1.31831777372074
609,189.985111040694,545.335310714411,122.313238116783,0.348382192218227
610,118.048483255692,387.65429770743,47.6214675175651,0.30451999101732
611,174.955301717698,311.078112048795,120.273848828121,0.562415981521242
612,212.509391207003,622.623139414115,209.608812986057,0.341313031518509
613,206.644440860311,781.025329114333,179.560094433988,0.264580972162122
614,566.319702263763,925.576776192731,450.216228304776,0.611855998152053
615,481.360754309936,846.748789193288,433.248482406003,0.568481184093026
616,350.16415030418,925.852570176959,259.163667953968,0.378207245498334
617,125.247492473799,751.342563560193,125.247492473799,0.166698252632356
618,362.49576628849,971.634622497108,306.745686346204,0.373078272321002
619,176.945031696756,705.693137947885,166.50278890706,0.250739340064015
620,238.496376272687,712.948848875214,236.753436551021,0.334521020195139
621,291.493176847572,671.088124067762,237.933281722047,0.434359015445994
622,455.783698179981,981.527239586822,398.211779074629,0.464361741373419
623,371.441718803033,696.088593606438,300.730362164208,0.533612707081711
624,215.19977421163,438.277856481827,163.808069953162,0.491012199290869
625,191.304350830045,843.056915945555,167.32194476353,0.226917479960985
626,642.141200442826,918.994708135296,523.928491930371,0.698743088244517
627,247.156451040715,697.020640196147,216.40810083926,0.354589859736669
628,610.50419685316,919.683259219295,467.495360691104,0.663820060584127
629,430.858847629555,472.889795843879,305.249676794399,0.911118935989475
630,298.990085928801,491.412176413454,203.01107555107,0.608430356998812
631,320.589116371195,660.114377911266,145.772520167809,0.485656921131764
632,257.151349315611,1047.37079541147,218.500648352384,0.245520832204021
633,365.555578458859,803.907874916054,331.664780836874,0.454723221236054
634,338.939308566602,1220.77930622043,141.577159779059,0.27764175460671
635,332.618286448605,620.909588021533,259.481038089748,0.535695200823779
636,164.978633253161,591.896218104167,164.978633253161,0.27872898695245
637,482.179846422538,863.787789302335,327.841386160545,0.558215631656457
638,435.860448779821,1032.34894867123,330.526613571219,0.422202637335788
639,233.904791545184,1017.49785316445,49.7150507966062,0.229882344044003
640,442.038809672849,609.613402982818,350.547783498496,0.725113338240217
641,368.710413074479,380.177388028541,251.306665655707,0.969837830141543
642,463.341698215663,1001.57728747621,396.346475278305,0.462612026060613
643,364.895000465901,574.059501832282,116.596284162945,0.635639684216061
644,263.906970665963,864.443431752189,137.984523537271,0.305291197749095
645,335.569642471717,727.404118015353,318.009608179903,0.461324914391857
646,129.656155577023,753.988059082006,129.656155577023,0.171960489314488
647,136.761028147967,447.895597581537,73.8515785315645,0.305341309194427
648,525.812106014244,573.556429484353,353.172622801836,0.916757408659801
649,204.522846405064,622.676360719367,156.295239455223,0.328457701796777
650,219.827654049063,747.263859256424,219.827654049063,0.294176750723373
651,284.158266768152,513.797839782856,246.501328666885,0.553054615582355
652,193.870523157642,624.426163257389,143.1304219093,0.310477898854037
653,662.619739590151,830.901395626981,401.106763308033,0.797470967165908
654,284.960012423997,564.52753628726,226.545579730309,0.504776107642329
655,458.401616621918,908.081352650289,331.404317423636,0.504802367413498
656,692.37346884234,802.176172836281,628.064021850715,0.863118965992584
657,475.372030619264,769.638868098553,243.637340473402,0.617655955699982
658,353.340978973019,517.586412863236,135.89937981584,0.682670507168788
659,205.489468350383,581.01532168424,199.646164179813,0.353673062794133
660,302.215364821993,366.107754833768,204.048018542827,0.825482008593931
661,142.443091602877,663.338341246558,142.443091602877,0.214736707869464
662,360.039939382846,783.666327273218,286.522160276176,0.4594301513957
663,253.465919544084,505.73570247313,225.748303817765,0.501182570865759
664,971.666455655288,846.910965676783,665.573618876874,1.14730649977924
665,262.407148387646,543.229976792212,58.9183620689021,0.483049830823342
666,345.766109386695,627.631373425112,78.8789491419263,0.550906350490064
667,704.290359393078,645.067762889189,558.94189605002,1.09180833380766
668,267.604170541685,803.674981247243,210.994097395891,0.332975614254389
669,413.416359356711,1062.70126565536,396.451123984212,0.389024058517293
670,386.526884345792,832.764632506876,160.987177691226,0.464149015529428
671,317.93374105697,601.649243464566,281.679054531408,0.528437032890068
672,145.675300148042,579.886158681504,145.675300148042,0.251213618340652
673,175.312117476304,494.993503526308,99.6978752906972,0.354170542092753
674,263.998585318995,646.621920217912,248.254857282765,0.408273485733405
675,265.062688303394,646.638000935658,247.705496548403,0.409908925735667
676,167.730889480021,531.284919937008,167.730889480021,0.315707981133567
677,170.13222261591,417.890662713178,83.5293092395603,0.407121378379976
678,236.134771680169,547.319470563649,196.209225748927,0.431438646677395
679,150.613299082935,554.844487905602,144.268684317714,0.271451374873456
680,86.3446150696638,496.801823431004,77.4476611109773,0.173800922213514
681,348.08810604858,717.594934096309,156.133682673261,0.485076035949081
682,627.500456519856,779.702888770764,442.892130204635,0.804794320448316
683,517.874531938909,660.146193277223,401.786111963229,0.78448461448816
684,203.216463520869,454.219272306365,163.938122410606,0.447397272442905
685,199.86085777498,558.499521378257,116.616444851234,0.357853230172457
686,301.007469403615,473.593351955246,300.678954604476,0.635582125806657
687,321.783815011535,895.722840937976,276.16111171642,0.35924484707186
688,218.423237166676,607.101799125859,218.423237166676,0.359780250167557
689,146.252464813106,675.78913777114,124.600844729499,0.216417306285019
690,218.08851637434,572.204466422989,122.534767552254,0.381137389118391
691,283.896524175032,585.636474335239,254.157078726611,0.484765783239997
692,428.640604247435,563.659286945406,116.574524745408,0.76046046641107
693,377.288778572197,768.71852291522,350.69184152127,0.490802247279538
694,222.005440234542,473.249380141726,205.420035147102,0.469108781860542
695,361.613237892422,1075.11447619417,278.31105843351,0.336348589754375
696,641.238586073712,948.844967139811,348.606316252655,0.675809650976656
697,147.241538734949,677.743295413252,132.200953182605,0.217252667391078
698,532.854510398596,671.971136160313,382.647402945927,0.792972319381694
699,194.953321337286,579.674432171708,147.910374498456,0.336315197837703
700,152.211805603113,798.023870724119,143.414644555556,0.190735905512447
701,359.346861623215,1197.5529937431,248.12215449822,0.300067607446775
702,182.43072309482,671.928986216769,159.770569522814,0.271502981471269
703,416.843062202327,961.909370594694,360.377945978111,0.43334962205911
704,229.879103830747,588.892965784983,150.940953194736,0.390358039893247
705,352.507646565117,663.644502416508,240.184897612423,0.531169391566633
706,122.068472245344,642.048943207525,122.068472245344,0.19012331308501
707,246.013170396856,896.988625003461,246.013170396856,0.274265652360872
708,462.181599650097,822.745834502033,196.566348099367,0.561755016274051
709,619.115101567299,1038.80729120579,350.15535952659,0.595986480657701
710,241.69126820896,729.439391795984,174.267747640498,0.331338382499308
711,532.755917593039,777.436281636056,437.125819630793,0.685272774344792
712,581.097908170004,918.580246054931,316.495429602067,0.632604403007437
713,259.96806086824,501.646945794125,126.78361470158,0.518229131160563
714,608.720191412545,989.922618716484,486.92996747607,0.614916943914061
715,363.286947100602,1072.63788954608,191.164501378665,0.338685543967068
716,673.141597607011,892.647067549619,444.226402256876,0.754096016306684
717,101.013957594529,725.566789993678,101.013957594529,0.139220756776105
718,544.936264879519,857.909003248771,386.51435084595,0.63519121820138
719,142.347984991176,609.127963271036,86.6380133815342,0.233691430330604
720,250.533282065388,457.659842529485,119.27518501665,0.547422471416087
721,337.768533966213,610.784468563689,179.54395091962,0.553007732433839
722,246.429862953001,808.881153806733,244.735135861855,0.304655216397687
723,278.328282192758,414.036915671181,198.064716168878,0.672230595046264
724,580.576473848291,643.679975051788,468.465314995814,0.901964479789168
725,627.442385331914,623.769342249231,268.326028263437,1.00588846362573
726,106.628476627781,429.354111883252,88.1733009088122,0.248346233741846
727,377.644134518849,417.025969973091,214.071300220632,0.905565028823546
728,756.938168175755,1240.50858518986,630.025827292065,0.610183740130992
729,87.6527660580061,486.913568876135,87.6527660580061,0.180017094738849
730,149.421469552502,683.596684372208,117.891032358787,0.218581325756027
731,189.796348196296,952.950702475329,179.82687304841,0.199167016408395
732,195.698259708708,496.700263998985,6.29452289018263,0.393996689538921
733,159.875245670182,575.062884025293,102.433809603721,0.278013500977661
734,579.90241709178,857.956253689545,381.884632302495,0.675911405270344
735,556.409707553822,772.320808499297,353.470815624336,0.720438581261312
736,150.841723984541,487.310890334669,113.335214222849,0.309538996514008
737,229.699709060678,520.859382756642,188.168228351667,0.441001384759539
738,121.387119251371,712.112877407844,48.5022383049452,0.170460502965809
739,225.630808254473,645.506505734338,209.330427741295,0.349540719187317
740,287.864356592993,1044.17905940793,225.172096321455,0.275684858836586
741,300.778165970825,1049.14601753423,210.550738884406,0.286688564741192
742,695.16861269023,832.569044123225,548.499593078629,0.834968123781625
743,221.457276472395,853.131249503822,186.075375074077,0.259581719226899
744,265.862242406332,614.81387154614,202.472460603468,0.432427202297403
745,767.883928256678,769.572926278345,363.169833555836,0.99780527879296
746,596.294310916376,609.134487848131,291.995233934787,0.978920620670955
747,139.069720492117,482.994955830375,103.477750014071,0.28793203492783
748,205.023676297809,487.998006959377,97.0468534535997,0.420132200078587
749,219.515568446373,650.106558067125,210.237580603796,0.337660904543139
750,267.386041711797,590.261239414469,187.516618396393,0.452996103855709
751,260.474094214614,735.602426990564,249.921220688219,0.354096295304848
752,418.81320194037,747.033008092668,152.267234644598,0.560635470458913
753,313.725974980301,784.695718161308,294.975869529587,0.399805896373974
754,540.427421828569,558.294607653163,198.536175436059,0.967996850444786
755,197.166656682505,660.165054331645,197.166656682505,0.298662668356654
756,198.253394538975,564.957226997273,183.918594198137,0.350917529797228
757,235.924024666309,566.493381778881,221.9362448804,0.416463867460321
758,343.680359447505,1229.03035667384,316.188455923205,0.279635370746755
759,314.034111909708,748.739862444794,281.747598393934,0.419416846438923
760,262.723606695223,535.713877660817,169.979081242205,0.490417772715541
761,358.943608892582,770.532040356569,230.714006009347,0.465838654452939
762,326.521472895231,819.87981964793,295.693303500592,0.398255287019316
763,861.014461172333,586.720517754566,470.77596597811,1.46750358154768
764,373.498843299548,816.135042619652,173.754215369652,0.457643433739447
765,230.994772770546,548.783683062834,177.354276542055,0.420921357357663
766,128.690499844085,564.399496261312,127.074716745226,0.228013137319496
767,210.839643153738,651.281958627863,193.76829437371,0.323730206803119
768,374.856086386664,658.532348554279,293.031468788004,0.569229571196634
769,556.163231368299,683.220151912109,434.982165864507,0.81403224101599
770,640.071394797808,1200.32830591183,492.184060048724,0.533246938896085
771,322.198994147483,733.560614478929,261.402020447023,0.439226135902008
772,266.142088286188,619.917447702721,235.529398025322,0.429318596004118
773,139.625186725446,781.491335606303,131.931612496764,0.178665047664438
774,266.39133736492,916.309137207093,227.407092511051,0.290722122641798
775,250.767683386743,685.867384552315,231.929951010677,0.365621239666362
776,271.875470904148,989.839227870369,201.918515098622,0.274666292514074
777,437.2963328041,927.407708069456,389.411460257041,0.47152544560407
778,253.291531848337,670.75733480104,148.636189415457,0.377620219275677
779,143.050276255101,895.524746123918,130.220915059598,0.15973905453117
780,249.372568865977,672.669428681222,249.372568865977,0.370720829925147
781,310.125612283331,580.677615922654,215.684450307253,0.534075369498381
782,248.431839072633,522.61646247703,215.560941186428,0.475361678993326
783,607.639666964742,946.444271697638,443.938392806868,0.642023714586827
784,249.125672443517,658.185096195448,42.1800011015009,0.378503970818475
785,529.872968755757,805.868302969305,425.586802219233,0.657518066914141
786,159.42036602025,742.445072052937,128.389807341628,0.214723448267272
787,339.198043566047,876.01165950187,225.718852153754,0.387207224797586
788,239.358799441934,868.092406366298,192.220330147254,0.275729631645845
789,234.454779958478,541.982580787765,234.454779958478,0.432587297580119
790,471.476044034186,969.956110240651,384.797447681756,0.486079771091097
791,795.810392466144,940.62393910662,354.474422776072,0.846045225280981
792,168.800747403211,705.539638378811,168.800747403211,0.239250551239164
793,285.205461967634,452.674491621901,234.735392102114,0.630045357638249
794,252.364890122297,522.497367411234,221.30431022584,0.482997438575938
795,186.716775658772,572.376911609402,182.565038060388,0.32621297587592
796,262.097430949029,722.493241052665,224.425733363763,0.362768003984585
797,159.786535843465,479.621929768233,61.2898310713717,0.333151021515381
798,396.911168241758,714.46964708957,367.106263395544,0.555532582606688
799,190.324803594991,564.982943906142,125.678487058707,0.336868228763042
800,658.046386185822,723.71609117663,566.236380655536,0.909260405024239
801,117.559061755954,723.349168964901,117.52046432944,0.162520490517987
802,453.067338241461,954.470734969731,354.585816717989,0.474679130162989
803,162.083529084959,499.836509558713,158.023549603113,0.324273089270842
804,720.359000087179,1135.90512559642,573.025149626534,0.634171801724149
805,397.29495849522,613.424515337785,352.702002177379,0.647667232987008
806,173.810052038803,644.579213068792,173.810052038803,0.269648863188292
807,469.863832509585,873.63639907711,81.8043228088002,0.537825384800746
808,261.003340635412,641.564630678129,241.830970608334,0.406823144785169
809,275.958258305833,588.070627314836,100.896230370875,0.469260400856737
810,268.183228598685,556.869526984399,207.917894073813,0.481590777737419
811,525.495865144388,621.564896565131,372.384506388521,0.845440062732571
812,1286.94266124769,1339.70721560122,957.14740518818,0.960614861412197
813,410.907853678377,512.922032754523,298.496937022058,0.801111723494692
814,151.523597606684,407.839992757609,123.009941345629,0.371527070168274
815,280.09952425512,850.718173058456,280.09952425512,0.329250665056468
816,397.761161148855,432.605932866395,256.096529946328,0.919453782136869
817,422.112562587559,449.228157048148,212.665900302607,0.939639592854635
818,911.845337587766,861.999858736612,539.632276055637,1.0578253909742
819,387.569731507549,457.506868806041,234.985396273329,0.847134235424689
820,152.924005211345,650.848052812206,152.924005211345,0.234961147307095
821,581.958339164086,1144.87001890323,238.046697470654,0.508318262820431
822,200.561282625934,731.593216366941,176.562922927092,0.27414316882531
823,317.432226792738,533.44537323775,291.957067036566,0.595060418025713
824,518.534678875757,846.23194206752,406.065773811949,0.612757156872227
825,586.084134386142,1013.09792484986,393.890794462171,0.578506894556122
826,154.756450466993,707.864844959634,120.154779515953,0.218624291867211
827,229.008174218758,810.534032155749,138.219949696919,0.282539862773773
828,189.79631875753,455.197572814016,40.4396252796892,0.416953714371136
829,456.932207640678,616.17149240066,337.873273851049,0.74156661461313
830,712.848931782303,938.780081861206,521.240166174559,0.759335381689206
831,412.247587571591,788.71385381463,373.173290462392,0.522683335125595
832,510.958022241217,812.462955840166,420.303144496477,0.628900085312612
833,141.159998023566,450.175757087855,107.858993820801,0.313566414452694
834,330.389620422691,998.914421451635,302.252093241905,0.330748674088181
835,274.57509332421,505.019425865661,74.4370431206855,0.543692141848913
836,165.950360168131,634.699617110124,147.615277997931,0.261462833274938
837,261.684372390433,792.50973150339,174.366042387119,0.330197046153639
838,946.949379408157,957.481986528216,618.807292153666,0.988999681175988
839,477.688981841939,974.753445401202,446.277571359424,0.490061342276483
840,441.236855468061,939.72326546647,131.396000021402,0.469539141663195
841,204.734198824859,540.358849408299,151.21355794767,0.378885622117683
842,243.516226918037,573.168000811121,204.525133455916,0.424860122291238
843,346.048137614372,781.334732611181,326.722564042588,0.442893580908527
844,511.44003807596,903.410040302645,453.303856952597,0.566121711360023
845,166.593438493279,490.813621732749,140.035873173856,0.339423013373475
846,381.157079223182,579.709610109989,263.010618047938,0.6574965682402
847,350.299819910186,515.246179097569,216.378744195996,0.679868835754825
848,364.127745560847,727.559800064105,354.964338773411,0.500478098884468
849,424.995338822697,630.780548498181,201.771174053874,0.673761009014252
850,471.585565380622,759.275901111826,286.102219214772,0.621099082283617
851,628.539000796616,552.79896042248,368.648669717775,1.13701190811982
852,235.509127865932,504.94246362877,132.354920003175,0.466407848081236
853,287.511483507699,878.004439092341,4.27002740388502,0.327460170708158
854,127.967207231514,570.473219901041,127.967207231514,0.224317641507716
855,524.438965800669,678.089396186891,344.682778970928,0.773406823273972
856,465.289341587499,966.825693349799,397.970235852461,0.481254630268867
857,282.321007412117,897.563167514118,163.524105202079,0.314541658604408
858,417.116931512565,537.970313477575,319.39591489767,0.775353065146321
859,840.845128147051,1096.46858894685,681.161504962184,0.766866590272938
860,322.227572312554,401.339300774398,200.328860653433,0.802880683976888
861,227.219417876266,846.671033713164,227.219417876266,0.268368006969332
862,231.147218118934,673.878147454914,173.403132359945,0.343010407730129
863,310.978494418145,713.96113103509,309.583919521363,0.435567821412481
864,578.995737531766,724.758606050212,432.61440044511,0.798880803481832
865,605.911659174106,1088.85962987529,261.072633003123,0.556464435405235
866,601.34656109377,778.647735306148,501.215355953238,0.772296038153034
867,522.790269387422,867.176025554358,362.845429161446,0.602865224569854
868,321.915793187962,485.313305635668,171.786735580143,0.663315407695887
869,348.473987962406,655.597196830708,227.201282398166,0.531536726586082
870,502.719511601097,713.459971340859,177.174007081609,0.704621887414789
871,533.844884957058,772.412437286303,308.50560946471,0.691139680288683
872,257.006175837542,886.195974043515,257.006175837542,0.290010543226551
873,239.097164365909,607.179154779992,219.033265983902,0.39378355215858
874,136.409950165183,681.320672832375,33.2174628551063,0.200214019043488
875,210.352418562236,682.785692280695,123.58668368115,0.308079710720945
876,203.638174179583,915.151338060564,136.859022040896,0.222518577759109
877,275.931593894204,598.942239329311,177.380284555386,0.460698170500029
878,368.171440344059,405.680656772191,197.954956688575,0.907540042144045
879,354.722722033278,647.88786433828,264.367398510248,0.54750635342672
880,316.834310624738,744.227758797821,96.638300530163,0.425722242793701
881,274.30723661045,741.176019803958,158.788779362883,0.370097290361613
882,366.9166550551,590.962099265072,268.628635516986,0.620880180829535
883,272.419394116161,389.580211111862,259.227441347612,0.699263941920139
884,249.980037233193,655.964888865409,214.616678095001,0.381087526903416
885,468.663877347497,1437.91420121907,242.907906290429,0.325933130746021
886,314.667331368441,556.431924466397,224.774682648519,0.565509126152671
887,282.773910427638,564.763356564756,228.556372089841,0.500694507072211
888,339.198308983147,796.892413976186,304.253586394252,0.425651321350492
889,356.726753578344,614.594375189834,317.735053915872,0.580426323407466
890,175.189300246716,835.67643552112,173.207508255348,0.209637717183529
891,528.534552297086,1069.49796532643,364.67605041766,0.494189394867867
892,704.140288232036,693.449782693996,424.469111360696,1.01541640909672
893,161.785300801028,380.654961811944,144.066426820788,0.42501823706939
894,276.002130925234,633.650956580409,177.922875628624,0.435574393219131
895,223.269560920787,697.674030585135,223.269560920787,0.320019881969137
896,127.667610952708,387.855245327206,109.49911151932,0.329163038248984
897,400.172183391343,635.528551221847,226.210409862143,0.62966830148226
898,211.242610417004,580.215442384262,211.211005416388,0.364076160312023
899,901.925521690831,1114.84659319715,548.578434676374,0.809013120903292
900,154.328914370284,458.502728097711,132.587149533535,0.336593230340378
901,701.325011763463,1033.3141375604,487.154217430776,0.678714232459117
902,435.24604357565,1229.06593355591,422.237768868758,0.354127497713978
903,769.425926173606,908.915883037894,467.467494347246,0.846531500364954
904,251.612245839411,402.654593323309,101.807487931917,0.62488358511629
905,345.373982845039,532.871298788451,155.443762560818,0.648137709105914
906,333.604692526601,559.399722448015,286.878845676774,0.596361920000063
907,342.081633777807,523.836239717153,316.620226069784,0.653031630576981
908,452.018648671815,1033.58583950502,452.018648671815,0.437330535496001
909,470.173193679439,1126.35641438238,363.29601603733,0.417428433554266
910,472.849249050679,1115.03629502495,341.665845586702,0.424066239960465
911,388.675218603762,797.236305382544,269.549068049111,0.487528247245666
912,243.618808134693,630.164180711166,243.618808134693,0.38659577232676
913,605.270932472292,956.806863252745,139.94693875407,0.63259468103586
914,567.030987594089,969.243576240176,525.21237676973,0.58502424106196
915,384.773329239822,746.708612114636,281.390122555347,0.515292475534955
916,472.120295650084,621.244849696917,397.580568508321,0.759958486384899
917,408.375869729596,1153.74594369377,335.708459651829,0.353956494461996
918,324.756244605159,830.584135191316,299.738922370655,0.390997408745779
919,368.237684724516,839.959987369912,281.642625345978,0.438399078838915
920,146.624622554718,541.274305836443,51.5366415623017,0.270887830761033
921,105.877668096531,599.693363858095,105.877668096531,0.176553009383617
922,509.653217323523,827.903851366919,405.594410786271,0.615594693130192
923,127.253419252899,511.664976707643,71.5081730229114,0.248704572417137
924,184.421026660154,668.327615424113,184.421026660154,0.275944046608224
925,459.681177732249,855.25159755107,395.021738180208,0.537480642010493
926,291.08409245671,383.967995488682,232.198690968827,0.758094674235133
927,244.849597788131,615.819160499164,223.223417968187,0.397599836922357
928,220.206406821893,601.567863156729,179.502895907038,0.366054140037268
929,198.003062431301,498.223416896817,198.003062431301,0.397418217844039
930,786.553243925091,1259.28219854343,588.818144233839,0.624604433251637
931,323.433726191986,732.247104435029,323.433726191986,0.441700246041305
932,110.12922986917,554.219401010734,110.12922986917,0.198710528119959
933,387.426928787467,787.335290316669,273.713334857697,0.492073622956292
934,332.008976776413,751.303019653793,237.033103205435,0.441910877623526
935,401.017903795341,846.708266166188,258.150326711568,0.47361992296486
936,355.250485627709,663.092004148089,218.345971576546,0.535748408072148
937,314.660637146953,631.847407057039,314.660637146953,0.498000994595436
938,151.28048500631,513.556856504821,120.443568073515,0.294573975773392
939,323.565612196045,569.987595687759,142.733895976289,0.567671322400665
940,369.469687890368,584.719540347948,290.336488506561,0.631875048455724
941,251.891318912206,433.532478064167,199.289697962426,0.581020642414069
942,214.906371240034,723.660554681203,140.215733481976,0.296971238586726
943,419.51439750559,738.508096578653,261.858172418959,0.568056598768664
944,165.252304063583,718.722653804298,118.213471802648,0.229924997060938
945,240.137167013182,516.865697120773,193.233274770112,0.464602639236612
946,103.695738881274,583.94127584012,67.4720261154986,0.17757905318833
947,175.181485054204,540.508723665619,73.930069924743,0.324104824555206
948,893.160537065294,1298.23518376467,637.614809118956,0.687980535603167
949,381.95935784649,456.750032614469,265.58738175527,0.836254692003255
950,374.509369159693,789.407873872511,236.415259334181,0.474418081647075
951,523.372972030108,729.200505429335,333.070985082786,0.717735339091624
952,436.157033772155,578.848870833107,167.022427968736,0.753490342210423
953,270.556569296307,491.658867120111,239.867372358074,0.550293277290188
954,217.493978574158,442.734812143408,173.163244566179,0.491251134107134
955,376.553991179334,843.423867953369,236.443458531597,0.446458780082985
956,720.184957448445,936.590639428371,358.864289866865,0.768943150967209
957,128.599675813114,530.449678808749,121.289173666833,0.242435203470977
958,450.356377334859,734.646219794085,360.127263385001,0.613024834540208
959,167.619528016583,735.067485838199,167.619528016583,0.228032842216447
960,554.060980176828,705.160895468856,400.991868200418,0.785722781477322
961,616.137717569169,1138.93857007974,597.045247342563,0.540975372821055
962,420.200767903388,750.826236634222,373.299094551874,0.559651151492854
963,69.5710107610025,386.063121949927,69.5710107610025,0.180206310329807
964,423.897183232995,983.480648289665,239.329303638393,0.431017309766266
965,422.34606945046,794.507442472107,394.877853764649,0.531582269558523
966,153.117650873329,603.227258025066,153.117650873329,0.253830789037332
967,504.730336022525,899.442934200325,445.446822261875,0.561158820455096
968,147.320945253786,492.57741361939,147.320945253786,0.299081811671575
969,169.415375264251,600.180072744155,103.165457981697,0.282274242278066
970,414.767186459286,584.996727045194,353.749497715718,0.709007704289674
971,342.623270427944,678.104620018846,248.516031493197,0.505266090678488
972,273.993650328941,682.824235989766,221.424562199581,0.401265268406565
973,492.137614697708,771.346018768664,187.034353344966,0.638024443923792
974,629.293196606008,1002.16706938825,423.687077933647,0.627932423473208
975,314.031382495158,710.303957177574,185.944069589568,0.442108451349442
976,472.549412808499,1162.96684857735,383.311657610373,0.406330940032011
977,205.829210892831,689.604024239241,142.784669151629,0.298474492111466
978,535.920648357866,769.952847688929,241.428000795806,0.696043465475155
979,403.794471671851,769.391953670601,283.666519088835,0.524822841914886
980,307.171817624229,862.22652848577,278.607347645772,0.356254194780669
981,548.883029706795,632.088851149329,335.524640899792,0.868363725619839
982,349.708269867336,593.8312346349,285.381259150736,0.588901777930802
983,348.887996223891,506.03357935979,287.752837749106,0.689456214872713
984,369.568564817045,769.812329062472,296.452178423646,0.480076183330462
985,275.776982492617,814.062744376431,275.776982492617,0.338766249159162
986,428.942531545716,609.162247891011,261.601092270894,0.704151534391312
987,483.930307362364,777.196299401779,283.802198490972,0.622661620667588
988,337.833139607051,581.054752435783,245.39514988759,0.581413607221787
989,211.321890343984,549.861203430724,63.4709470483326,0.384318604450528
990,340.748064114898,501.386555822575,196.917311570449,0.679611489693549
991,499.772585712744,776.032016128345,327.284292671233,0.644010266749212
992,132.319401050311,387.736981765017,117.308179800972,0.341260718665472
993,408.333348884195,570.908811764019,264.712321529123,0.715233922598793
994,395.744781872339,1404.39893694657,382.027617873462,0.281789434227829
995,435.137327547923,588.728981772207,247.658242974359,0.739113142074409
996,237.859723560552,889.437155996858,237.859723560552,0.267427239751374
997,132.617849425569,382.984170923601,112.297647120356,0.346275014723845
998,257.915296013842,828.549301285247,257.915296013842,0.311285394379988
999,400.154861502105,508.512268925499,259.043229508627,0.786912894643905
1000,266.288447236315,476.972536578474,206.833640517339,0.55828884645333
