PC1,PC2,PC3,PC4,PC5,PC6,PC7,PC8,PC9,PC10
0.016085505,-0.06940395,0.020704618,-0.0034774523,0.032614965,-0.059493534,-0.045624983,0.07280049,0.023350544,0.22369632
0.018591225,-0.028740525,-0.015247355,0.021693915,-0.0025642738,-0.15116262,0.021014564,0.1288096,0.052358888,0.28392547
-0.034999788,0.09072316,0.008435813,0.0024622492,-0.011830952,-0.00017738342,0.0025383234,-0.045473304,-0.002509497,0.075476944
0.020116858,-0.09559876,0.035453774,-0.018790498,0.024612397,0.016012788,-0.019278716,-0.05208261,-0.01262149,-0.05218281
0.019127129,-0.09166123,0.004837841,0.008046865,-0.015640765,0.08379431,0.003624767,-0.047665916,0.023227647,-0.04823686
-0.038100675,0.09239306,0.008447707,0.0021874625,-1.0833144e-05,0.012562424,-0.0050231367,-0.0563835,-0.0029133856,0.083630085
0.0116982795,-0.093768016,0.050245643,-0.029833317,0.028174162,0.03949587,-0.04128361,-0.09135592,-0.032060444,-0.014795542
0.016623488,-0.09889466,0.0052386075,0.012635082,-0.0009148717,0.057301607,-0.04341823,-0.011580147,0.039548215,0.025901075
-0.038466755,0.09218941,0.007952565,0.0035207123,0.0012708306,0.00907141,-0.012747854,-0.04936607,0.003927525,0.09344506
0.017766055,-0.08783133,0.060941856,-0.027931295,0.04678908,-0.013911508,-0.06538099,-0.06867825,-0.0109148435,0.008024424
0.015560705,-0.09996507,0.0060139,0.012237339,0.0014811587,0.053921502,-0.04224275,-0.003659308,0.04002658,0.003932208
-0.045298044,0.088686995,0.011300701,0.0010677513,0.004229271,0.017800588,-0.024009272,-0.05529052,0.0033707414,0.06623567
0.0052876305,-0.07378211,0.077148765,-0.032807816,0.08014653,-0.025969725,-0.12142417,-0.10807735,-0.02083122,-0.04893312
0.01628947,-0.1002171,0.00054334314,0.0105073145,0.009366635,0.054222535,-0.043561656,0.008775346,0.041466013,-0.0021500885
-0.045560356,0.08835973,0.010059636,0.0012279357,0.006410038,0.019307867,-0.026297815,-0.055992343,0.0041455925,0.06500703
-0.0047743893,-0.014482138,0.09870339,0.0064915284,-0.0041140085,-0.017601453,-0.27372375,0.03194555,0.08400339,0.08016671
0.01499702,-0.10063304,-0.0031627403,0.01431791,0.0076283147,0.04257479,-0.0438822,0.019081267,0.045522332,0.0025801063
-0.050432306,0.08193244,0.0065204203,-0.0022091034,0.029712515,0.00017862905,-0.017255802,-0.08789766,-0.009016722,0.05862631
-0.020700501,0.03175661,0.07420762,0.008858308,0.06790425,-0.13174577,-0.23772928,-0.01702774,0.08559128,0.03876315
0.014508164,-0.10183594,-0.006923966,0.015268451,0.01837397,0.019742243,-0.020909676,0.008512751,0.037621617,-0.016670398
-0.0525991,0.07936508,0.0045364825,-0.0025492276,0.02937761,0.0019250787,-0.010282035,-0.08906428,-0.008548278,0.049653232
-0.019658267,0.042847946,0.06451485,0.0058152787,0.07633967,-0.13434796,-0.2167429,-0.052538972,0.06979177,0.027593704
0.017086508,-0.1012989,-0.013503946,0.017008394,-0.0036019003,0.019174878,-0.027265584,0.01046036,0.023566457,-0.008378286
-0.053706083,0.081874944,-0.0020660756,0.0073744706,-0.0020265358,0.021941902,0.013067978,-0.055535514,-0.0012627237,0.042415295
-0.022588916,0.06742156,0.054702323,0.0054961033,-0.0143464925,-0.1435975,-0.1821864,-0.009363624,0.03293745,0.037487775
0.015690435,-0.10153035,-0.012578953,0.01800106,-0.013101121,0.009346493,-0.03051961,0.014742363,0.019686563,-0.0064557823
-0.06376552,0.067899406,-0.007585827,0.008389779,-0.026419902,0.07212491,-0.002836905,-0.056953833,-0.014894066,0.04763717
-0.016230138,0.08067583,0.046446193,0.002321711,-0.046371233,-0.10540592,-0.16682594,0.016533898,-0.005197342,0.012348094
0.016863555,-0.10075338,-0.0100964755,0.021924404,0.013347885,0.005930109,-0.019977042,-0.0076705627,0.030221162,0.008853445
-0.07361907,0.05476212,0.0013407865,0.011366581,-0.018337142,0.043162365,-0.026026748,-0.07570165,0.00069209933,0.056664817
-0.009413467,0.08482264,0.036052633,-0.0028025548,-0.059275568,-0.09692013,-0.14131819,0.04831629,-0.029376764,-0.019269723
0.018182883,-0.09845985,-0.011472536,0.032349996,-0.018887669,0.018397717,-0.0070761293,-0.0053396267,0.040227376,0.016902901
-0.07436262,0.054604657,0.002241367,0.008599487,-0.0074379803,0.042994604,-0.024719227,-0.07520513,-0.0015365768,0.05484881
0.005694534,0.060130637,0.052951857,-0.0025044899,-0.09903305,-0.072658464,-0.19771205,0.042151995,0.0023075913,-0.03589789
0.02141374,-0.09850464,-0.011469823,0.02615944,-0.025769778,0.026446173,-0.02187079,0.011232323,0.05272588,-0.012371316
-0.061860327,0.07581115,0.0016170135,-0.0011444,-0.00695007,0.02282281,-0.028246796,-0.041148376,-0.0023422271,0.019896824
0.04684802,0.0464842,0.03154338,0.014332906,-0.12845309,-0.11400549,-0.12184997,0.047147337,-0.0758379,0.00043121207
0.0289688,-0.09522571,-0.021287547,0.033137266,-0.019587057,0.014819804,0.0066827154,0.013616265,0.052711733,-0.0027038364
-0.06584777,0.07051941,0.006291416,-0.0024990763,-0.0057056015,0.030514978,-0.041646764,-0.04103599,0.0038134982,0.012676303
0.049731083,-0.040703487,0.040550575,0.015613339,-0.17034842,0.0015151135,-0.06236975,0.010849378,-0.06801618,0.019908123
0.032549612,-0.09276326,-0.02051317,0.029716352,-0.041287832,0.021273326,0.010952677,-0.006098996,0.040420085,-0.018645847
-0.05775919,0.07953737,0.007018912,-0.0048235077,-0.011706699,0.017743977,-0.027220227,-0.049932767,-0.0066204304,0.003570835
0.06512036,-0.047026496,0.026961716,0.021204097,-0.124071054,-0.03649658,-0.012135966,0.018779065,-0.07808979,0.04411407
0.035778686,-0.09162183,-0.0095733255,0.018534895,-0.023833256,0.027688157,0.040052682,-0.062126976,0.012939849,-0.029578736
-0.05991285,0.07683938,0.0075056395,-0.0034762176,-0.01808958,0.024084179,-0.039012723,-0.04216351,0.0007567758,6.293714e-05
0.058622327,-0.06781213,0.009557532,0.021288374,-0.04403628,-0.004459486,0.07052839,0.05828234,-0.006359178,0.036094446
0.05136243,-0.07274184,-0.0024257936,0.0066645234,-0.0533768,-0.0059565464,0.025336595,-0.14308111,-0.043173835,-0.04897866
-0.05419996,0.083164215,0.009424527,-0.00619927,-0.012785444,0.0125411665,-0.019914076,-0.049651194,-0.012161821,-0.0025188325
0.06543769,-0.06034614,-0.0051563573,0.030244416,-0.043632846,-0.0072696055,0.104980804,0.044556014,-0.022541145,0.040234018
0.075592846,-0.031947967,-0.012772789,-0.0042457306,-0.031366453,0.03091941,0.085627675,-0.114689566,-0.014356143,-0.056851093
-0.057181504,0.07981563,0.014640572,-0.009273731,-0.010928544,0.012355355,-0.028705623,-0.047814496,-0.007427624,-0.008409718
0.06867359,-0.054940682,-0.014336825,0.025514826,-0.029256735,0.024020532,0.12459126,0.023798062,-0.030888781,0.046836376
0.05982985,0.014912481,0.032221027,-0.022201082,-0.076484226,-0.04168707,0.080717094,-0.28236407,-0.10237847,-0.12241288
-0.055793718,0.081293926,0.0138791865,-0.008849939,-0.01307141,0.016949376,-0.016873797,-0.056332488,-0.015166048,-0.0074789077
0.07182876,-0.037132267,-0.029607957,0.022717921,-0.015067494,0.055173483,0.13839194,0.036174938,-0.029306088,0.07229085
0.024818562,0.009251638,0.06989848,-0.03286949,-0.07022024,-0.055001676,0.039072752,-0.35690162,-0.08173913,-0.112720594
-0.057862267,0.07864241,0.01816218,-0.0089953365,-0.015588847,0.0061932434,-0.02313752,-0.06424771,-0.016650042,-0.012421268
0.074699216,-0.02657234,-0.036699817,0.027460927,-0.041545805,0.03590513,0.13815159,0.04612429,-0.053459574,0.08212352
0.010823787,0.023214947,0.06581978,-0.035361167,-0.06423111,-0.09745186,0.01786075,-0.31632432,-0.08927226,-0.12683107
-0.057564925,0.07761371,0.008970952,-0.0036862213,-0.015749848,0.03598293,-0.013358353,-0.03386288,-0.0076889927,0.013894471
0.062410228,-0.06347006,-0.015999263,0.03102178,-0.039404605,0.008555084,0.12375576,-0.0001616706,-0.021740418,0.06853024
0.019149428,0.09579615,-0.015972307,-0.03579668,0.0036401497,0.029880956,0.023470731,-0.033009425,-0.0913419,-0.04103256
-0.060321312,0.07694652,0.008166988,0.01124005,-0.014145336,0.015175368,-0.0018837232,-0.03886767,0.00026668733,0.01180768
0.06465023,-0.060466446,-0.012752349,0.027348785,-0.050939016,0.013864765,0.12097391,-0.0061567556,-0.043199874,0.06616299
0.016872207,0.098899275,-0.017440287,-0.011191919,-0.011203988,0.00050397863,0.02018388,-0.0424593,-0.089349404,-0.04060698
-0.058715362,0.078134276,0.0019487368,0.015027829,-0.013219039,0.0076684193,0.019527387,-0.034246612,0.014894074,0.018054748
0.059991572,-0.05784703,-0.010171894,0.051853277,-0.078451805,-0.013390452,0.1101915,0.00013454042,-0.06783731,0.083685234
0.015774954,0.098861516,-0.017422082,-0.0068851644,-0.013217281,-0.00047995278,0.019193726,-0.04632269,-0.087032154,-0.04176779
-0.077639334,0.028478429,0.017894588,0.04754517,-0.040711347,-0.051727876,0.009059672,-0.05429451,0.07001079,0.028818034
0.060563788,-0.056658547,-0.009684134,0.048478927,-0.084918626,-0.013984522,0.10217435,0.0032491204,-0.05960189,0.09190255
0.013090053,0.099987976,-0.018011995,0.004051891,-0.024503779,-0.027097771,0.009990202,-0.027662892,-0.08297965,-0.034680404
-0.07666644,0.0038605744,0.02364974,0.03290939,-0.06704386,-0.0045896554,0.04658236,-0.026015572,0.12686151,0.1219968
0.05824169,-0.06895821,-0.004433029,0.03689838,-0.0568593,-0.002580727,0.10117115,-0.025332678,-0.07108571,0.052264877
0.012455535,0.098967396,-0.015116151,0.010977587,-0.056097176,-0.045071278,0.0055091116,-0.016174473,-0.05118747,-0.007705216
-0.06767088,0.062250253,-0.0012618456,0.035657052,-0.034353446,0.007595486,0.06075939,-0.046499744,0.02380051,0.067026556
0.051329456,-0.07519695,0.007188651,0.038218945,-0.07692041,-0.0114660375,0.06549487,-0.026180716,-0.024368677,0.07580701
0.0036706214,0.0931318,-0.0125473095,0.03496425,-0.08981514,-0.06602391,0.00043080215,-7.1729475e-05,-0.010673714,0.023334075
-0.06213335,0.06602526,-0.009894835,0.040152434,-0.032676134,0.005053636,0.09218515,-0.04775697,0.0039349217,0.060513224
0.050234176,-0.077435106,0.01601549,0.021889629,-0.07929731,-0.0068581505,0.05814677,-0.04161437,-0.041221958,0.05507581
0.018292818,0.08770267,-0.016551476,0.027565096,-0.11645565,-0.05463659,-0.00023009372,0.008458474,-0.056274462,-0.012470436
-0.060890794,0.072284244,-0.004162923,0.024689266,-0.029632369,0.005774971,0.06321313,-0.047856707,0.013929971,0.06416701
0.04691476,-0.083241105,0.023597479,0.0031928841,-0.06640828,0.02800349,0.018091822,-0.033361882,-0.03569995,0.04557516
0.015461691,0.08100528,-0.0282439,0.0589057,-0.12284385,-0.0806148,0.035398297,0.020345476,-0.02500911,-0.013969737
-0.057644706,0.07533138,-0.002614169,0.017345803,-0.03477722,0.008155298,0.060556795,-0.058175325,-0.0023785532,0.07227528
0.04893985,-0.08321847,0.0250798,-0.0036566006,-0.046866123,0.023305466,-0.007220995,-0.049127262,-0.037110303,0.02018364
0.036381874,0.055810206,-0.052747596,0.07643698,-0.14377993,-0.0811201,-0.016375681,0.057042446,0.005084614,-0.061459966
-0.055704102,0.0786042,0.002232588,0.013386598,-0.030263968,0.0019397751,0.055880483,-0.062701665,-0.008782734,0.06778683
0.04031779,-0.09086317,0.027481055,-0.008277009,-0.007761395,0.0016147613,-0.003433599,-0.068327054,-0.01683819,0.012480617
0.028354403,0.047549866,-0.06383786,0.07399267,-0.17363548,-0.0137135815,-0.041725434,0.08065249,0.0014859877,-0.07151222
-0.032636754,0.092460215,-0.0032551754,0.017620554,-0.01756403,-0.04362337,0.06610288,-0.051329255,-0.007830612,0.06557765
0.024166077,-0.094870664,0.037695367,-0.02198849,0.022532938,0.035742283,-0.024901459,-0.06450603,-0.011068068,0.0052808933
0.05031233,0.037048098,-0.09459727,0.05456463,-0.11181274,0.0005504066,-0.027203852,0.04128312,0.014547781,-0.100062616
-0.045094,0.08377358,0.022589162,0.01667665,-0.026615838,-0.043100994,0.052968513,-0.03497248,-0.015466589,0.09128308
0.005330303,-0.092834204,0.049053352,-0.02009209,0.03490492,0.05122511,0.008387893,-0.019728621,0.029826079,0.029362753
0.04519062,0.027950153,-0.07739501,0.07753942,-0.14386405,-5.3652617e-05,-0.03783238,0.08245287,0.01997896,-0.088469185
-0.06716108,0.039129093,0.079615936,0.010127805,-0.040910438,-0.022473779,0.013727251,-0.009141194,-0.018637402,0.118450314
0.065280885,0.022620205,-0.046319854,-0.015051003,0.11926522,-0.051463634,0.0832775,0.063621126,0.0099616675,0.034852028
-0.034092195,-0.06406448,0.03516503,0.03440814,-0.13706532,0.044882644,-0.083696716,-0.0019137107,-0.016469482,-0.03240753
-0.06918884,0.009823585,0.07919972,-0.025540473,0.035127454,0.009042899,-0.0103301825,0.037687175,-0.08624605,0.14402622
0.06611701,-4.438131e-05,-0.032873336,-0.0034426085,0.09778804,-0.112087555,0.0796578,0.082272716,-0.011182593,0.06965009
-0.04263607,-0.078382894,0.05876883,-0.025303682,0.051999286,0.023913499,-0.039213013,0.025283601,-0.060324393,0.030856857
-0.04243606,0.03250656,0.05398848,-0.03368073,0.11452634,-0.039146002,0.0011673844,0.12986536,-0.15874968,0.19475079
0.06297073,0.053114694,-0.05493281,0.01562522,0.040710494,-0.09344069,0.041059777,0.06726982,-0.020797957,0.051542174
-0.02395821,-0.022781387,0.014093674,-0.041085687,0.150485,-0.101534545,0.042468593,0.11624008,-0.16122556,0.016829561
-0.0132956095,0.068884976,0.034194555,-0.0055105025,0.097303875,-0.0550395,-0.009343897,0.118781656,-0.13150267,0.19686039
0.06644644,0.036658317,-0.06786389,0.018884232,0.0077152792,-0.10558411,0.061756082,0.0407547,0.0035080751,0.024015203
-0.05069035,-0.05793372,0.02519262,-0.045055233,0.108452596,-0.014970762,0.00087084656,0.028251057,-0.11015186,-0.024175309
0.0052832877,0.06605311,0.059926033,0.024823967,0.059487548,-0.027191743,0.055655707,0.14798503,-0.113354765,0.11476874
0.048107095,0.022906428,-0.11173098,-0.016141158,-0.0048915744,-0.09001983,0.006344524,-0.027830206,0.050039016,0.06743334
-0.059515167,-0.06806978,0.01967495,-0.040839035,0.06230745,0.01223873,-0.03260245,0.0044508986,-0.05681982,-0.014388213
0.0085121645,-0.00029196974,0.028817452,0.023735141,-0.075179674,0.111148596,0.0011110359,0.054606747,-0.018047675,0.18864277
0.029376574,0.059775952,-0.097976506,-0.004147353,-0.0034444458,-0.13375199,0.09763229,0.025551988,-0.013838372,-0.016065607
-0.06345231,-0.0649281,-0.020621942,-0.052311514,0.052442007,-0.0070470413,-0.04418069,-0.013486672,-0.022458863,0.0009669709
0.014967889,0.035624396,0.045650974,0.045269,-0.124588095,0.095229104,-0.07451657,-0.022145553,0.058793332,0.19276498
-0.04641248,-0.03798441,-0.012088247,-0.017998822,-0.049908932,-0.12137766,0.13449205,0.008915231,0.0039661196,-0.0015114765
-0.07071001,-0.04708207,-0.024079172,-0.053559713,0.08268023,-0.04088857,-0.018548386,-0.016124316,-0.027000755,-0.038296383
-0.07272998,-0.019792141,0.0750247,0.020487024,-0.078977436,0.017615858,0.030469982,-0.026642483,0.03969899,0.084673315
-0.022219924,-0.08692502,0.0062432988,-0.032383125,-0.011506512,-0.044821545,0.03473831,-0.042788904,-0.04358567,0.010473655
-0.07325403,-0.026097136,-0.032914337,-0.052894432,0.10056957,-0.078212745,-0.00021265133,0.011140549,-0.044211674,-0.05240773
-0.0044350172,0.04022764,-0.15545395,-0.030568952,-0.05278401,-0.016283372,0.0022696073,-0.044010468,0.029389272,0.09084277
-0.02099725,-0.07002589,-0.0163585,-0.091118716,0.13835968,-0.040648274,0.00043033966,-0.017317716,-0.08468946,-0.01642052
-0.07370946,-0.02547727,-0.014608299,-0.04247526,0.10354378,-0.09376848,0.026120672,0.014151148,-0.030049665,-0.04996467
-0.07580847,-0.043275096,-0.049793497,-0.05002657,0.009275007,-0.011167221,0.027973235,-0.046519734,-0.0068471883,0.024334969
0.038197618,-0.021979162,0.098934695,-0.005023133,0.15423512,-0.05010745,0.025735391,0.006850207,-0.07124022,-0.049294587
-0.04696419,0.004351306,-0.113047354,-0.059592,0.10184761,-0.11985206,-0.0012955815,-0.0073797824,-0.027748113,-0.035162106
-0.07887311,-0.042760562,-0.0053642816,-0.043516617,0.05922318,-0.027968358,0.0401761,-0.02064382,-0.0130920615,0.000541096
-0.01978349,-0.07304121,0.07321978,-0.00094705005,0.086091,-0.080075614,0.07616147,-0.022913842,-0.009967386,-0.022766136
-0.07633008,-0.017723527,0.0017397146,-0.037902076,0.09115409,-0.10131938,0.02657323,0.0039440463,-0.017119484,-0.051271643
-0.07585387,-0.03768128,-0.042711336,-0.055422027,0.06922627,-0.02898429,0.034927722,-0.029556202,-0.026357234,0.01092212
0.051179968,0.014935449,-0.14431319,-0.017174099,-0.02038875,-0.027919915,-0.014009267,-0.036500875,0.010058286,0.031015007
-0.07519208,-0.0048829066,-0.032009598,-0.047072254,0.09032623,-0.0999049,0.048001386,-0.024883678,0.053460415,-0.027604917
-0.07082254,-0.03525923,-0.0070487745,-0.04654438,0.1186863,-0.047935218,0.03252572,-0.006397679,-0.09318291,-0.022598177
-0.062262334,-0.05476976,-0.0646221,-0.02833693,-0.028073726,-0.045434944,0.060683727,-0.05825242,0.085441634,0.023568789
-0.07430357,0.0035607845,-0.0050579277,-0.032039076,0.09430478,-0.069951914,0.053204414,-0.026217632,0.18430804,-0.01676558
-0.05020139,-0.02021757,0.074689575,0.007481043,0.11871428,-0.05301779,0.04402375,0.008559647,-0.27919942,-0.06166511
-0.037212275,-0.039479017,0.032168757,0.078832954,0.02398482,-0.023551352,0.12132197,-0.10507913,0.28015652,0.00057067006
-0.07206128,-0.024526238,0.007128157,-0.011188537,0.030610368,-0.05211104,2.2207882e-05,0.052392464,0.088442035,0.028646981
0.035623465,0.04417535,0.08207067,0.0137367025,0.14444949,-0.03169519,0.06333824,-0.032384474,-0.18024014,-0.08035932
-0.0147633925,-0.03642109,0.052427065,0.062923096,0.09698339,0.024963334,0.09782211,-0.09591333,0.37247676,0.023763087
-0.06732152,0.008284492,0.045799445,0.070610836,0.013102912,-0.123871215,0.04746747,-0.0048163547,0.105916165,-0.033167966
0.06887495,0.05811038,0.03878302,-0.027448932,0.045005884,0.045365736,0.016337944,-0.0061034844,-0.011766499,-0.011748492
0.057121757,0.03324249,-0.0122488,0.10428226,0.11495487,-0.026036257,0.036750402,-0.046149954,0.04162779,-0.010861941
-0.0103110885,0.02915082,0.10942913,0.09248852,-0.048183843,-0.039859887,0.072269246,-0.050943777,0.3107547,-0.00017250242
0.068686865,0.05690543,0.034001097,-0.033257652,0.027260829,0.041604023,0.008815532,0.002448484,-0.08923581,-0.018857665
0.044110965,0.03415899,0.08020423,0.0027939535,0.13344435,-0.05949354,0.050752543,0.002889828,0.051197466,-0.016799195
0.03804935,0.073811285,0.0016502085,0.099601634,0.02381049,-0.06619876,0.04276732,-0.04706977,0.09249842,-0.034943953
0.07431863,0.05590928,0.016659433,-0.022193298,0.02201084,0.04708595,-0.0019071699,0.004040262,-0.06489567,-0.0021894649
0.07267542,0.06039088,-0.008876152,0.02755939,0.00884255,-0.009793481,-0.0002710447,0.0037194802,0.007106335,0.0022188611
0.06614465,0.068943925,0.008968461,0.015080586,0.011860825,-0.030315176,0.015748411,-0.020199042,0.043581873,-0.024470104
0.056722183,0.056916114,0.08372389,-0.056398153,-0.021996936,0.062554,0.025703657,0.011644019,-0.03495298,0.0047435802
0.057050083,0.060200915,0.05635899,-0.08545363,-0.051382612,-0.022405226,0.010489256,0.019833546,-0.0044654426,0.017950842
0.04670044,0.08216077,0.033775292,-0.026066758,-0.045181636,-0.046893306,0.021697562,0.027934445,0.018201351,-0.046007246
0.07402951,0.058897212,0.017692667,0.011456812,0.016613634,0.033770498,0.013464498,-0.013622248,-0.008368726,0.007066934
0.046619147,0.047477536,-0.12640621,-0.06196843,0.0061565125,-0.008442119,-0.037597418,-0.013578608,-0.010253906,0.022164665
0.061545815,0.06450609,-0.063838415,-0.0019486841,-0.0071276594,-0.0027223744,-0.012056811,0.016863128,-0.007012058,-0.04110907
0.06309592,0.05979678,0.065973856,-0.05510752,-0.015192517,0.029250614,0.04550661,-0.006361323,0.014036777,0.013579755
-0.020546742,0.0028199304,-0.10590142,-0.18143685,-0.0703028,-0.03559261,-0.034995552,-0.011265198,-0.016836932,0.029322602
0.02201692,0.073845156,0.019565705,-0.062710404,-0.084301025,-0.009719258,-0.0034665542,0.087917045,-0.047959156,-0.07828798
0.060578767,0.047074247,-0.09631833,-0.05460408,0.018317895,0.020614436,0.015577118,-0.054624718,0.013283322,0.044436872
-0.07932596,-0.04020068,0.033861484,-0.01892683,-0.06479337,-0.027948942,-0.023090363,0.026999574,-0.026639156,-0.0027042616
0.024149593,0.044457905,-0.12045121,0.005757937,-0.06238391,-0.08139409,-0.044360485,0.12061068,-0.024328059,-0.06798826
-0.008262146,0.008477569,-0.12328053,-0.1786276,-0.03277065,0.00492426,0.032982126,-0.04408509,0.016702123,0.049552795
-0.06535997,-0.037535463,-0.039173882,0.12750332,-0.021259684,-0.028697992,-0.07760787,0.012622712,-0.041142732,-0.01575233
0.061145213,0.025599286,-0.11565456,-0.034227014,-0.043724608,-0.047309916,-0.03827539,0.03167757,0.018641206,-0.015492794
-0.07854627,-0.04212349,-0.027255943,-0.058717694,-0.048241787,-0.0033921795,0.014554916,-0.013715384,-0.0057195853,0.025363756
-0.07001946,-0.04423986,-0.065614566,0.021931512,-0.07027604,-0.034040317,-0.07251379,0.012414074,-0.048759982,0.010910003
-0.07220742,-0.04693789,0.020874873,-0.03754049,-0.08965666,-0.044360884,0.007297968,0.045138806,-0.008697877,-0.018781798
-0.07805526,-0.046152618,-0.04652802,0.032094125,-0.024951005,0.0006425781,-0.005091382,-0.01968248,-0.02169239,0.015932113
-0.0720667,-0.043167293,-0.06023718,0.012214235,-0.073574156,-0.038782123,-0.04704978,0.01805228,-0.051139787,0.006352847
0.028118242,0.0034433268,-0.12872984,0.15627521,0.016565964,-0.03108996,-0.048013497,-0.021524815,-0.024168944,-0.028626475
-0.079689614,-0.047285955,-0.032432564,0.01901511,-0.02985203,-0.0014643247,-0.003634243,-0.011477536,-0.016448647,0.016007204
-0.06655905,-0.055496443,-0.06097268,-0.004386418,-0.0740543,-0.02890647,-0.027222501,0.0038788056,-0.06088483,0.021883503
-0.07314025,-0.041361675,0.04879047,-0.026411643,-0.08836335,-0.0443097,0.015916308,0.009098264,-0.01998001,-0.017529367
-0.07897903,-0.04340381,-0.043120675,0.0477536,-0.013026501,0.0011828721,-0.00727636,-0.016357562,-0.01023117,0.01271573
-0.059286345,-0.055565156,-0.07755279,0.0443325,-0.07108305,-0.034527823,-0.028097998,0.009044501,-0.077679135,0.017778246
0.039803505,0.0066491254,-0.09112517,0.17302842,0.0117938025,-0.019446645,-0.053574428,-0.090529755,-0.08290169,-0.034385234
-0.08259605,-0.042593785,-0.023242217,0.019515457,-0.024706308,-0.0070434497,-0.00085750077,-0.0014297338,-0.004535785,0.012319857
-0.071230605,-0.058840424,-0.0015355793,0.0027201343,-0.07070006,-0.030244077,0.0071229315,0.01646664,-0.05464395,0.0143422745
-0.06995693,-0.037879746,0.035139613,-0.06761135,-0.08745787,-0.047677197,0.026219482,-0.06606656,-0.05834645,-0.0359795
-0.075833805,-0.03311894,-0.06861142,0.07188928,-0.0049028965,3.8619633e-05,-0.018458413,-0.016988399,-0.0016831189,0.013332197
-0.026861697,-0.043272994,-0.14727417,0.07705099,-0.018538544,-0.039811425,-0.0184302,-0.021175211,-0.068563715,0.027929317
0.06443306,0.028302718,-0.03706008,0.13381527,0.035721917,-0.007878851,-0.012553586,-0.11556283,-0.078809224,-0.057090383
-0.077815264,-0.02911699,0.073450446,0.045781836,-0.037066545,0.008024749,0.00056626776,0.01040606,-0.012057313,-0.010338377
-0.061233524,-0.054122657,0.07304612,0.0060927193,-0.087750904,-0.02178501,0.04483772,0.03068629,-0.05680286,0.015730789
-0.009920637,0.020546533,0.17651953,0.04802286,-0.025718186,-0.008965104,0.060025156,-0.0019419272,-0.042694006,-0.0623185
-0.054990698,0.0009167137,0.023115035,0.18883337,0.010527912,0.035038117,-0.03062217,-0.013083462,-0.028767798,-0.024505492
-0.023520663,-0.033789355,0.083554715,0.1833896,-0.03974793,-0.013706268,0.041952066,0.025297808,-0.09389382,-0.012298364
0.07530122,0.048098255,0.0087061245,0.0694747,0.040647097,0.012649419,0.016440703,-0.041838996,-0.0059870873,-0.0380714
0.05422106,0.076422885,0.0053714057,0.062152438,0.03524341,0.030841297,-0.043733682,-0.013975021,0.013218894,-0.010087422
0.07781707,0.03775354,0.016501248,0.09024229,0.01116838,0.0024027117,0.021924593,0.0076178084,-0.03077011,-0.005638216
0.07673552,0.041998465,-0.035560712,-0.07597276,0.014259902,0.0018351801,0.0147022195,-0.047867455,0.015726585,-0.0013112624
-0.016502744,0.050055236,0.15906131,-0.001769619,-0.034655515,0.017499207,-0.0023684718,0.032369904,0.01084825,-0.026574813
0.07858225,0.019611314,0.06919618,-0.052237265,-0.046249706,-0.016345475,0.05918104,-0.0035410053,-0.027936794,0.017337728
0.040880483,0.033365387,-0.030874355,-0.19284678,-0.02862533,-0.011528758,0.060788944,-0.056515463,0.024154415,-0.014125609
0.059157357,0.0713045,0.021684065,0.06988895,0.037309762,0.024997812,-0.020366771,-0.022850161,-0.005782586,-0.016069518
0.085427776,0.037698667,-0.013467795,0.007955783,0.002739251,0.00048841623,0.008246478,0.00015579771,-0.00875274,0.010560069
0.031171277,-0.024823211,0.1029767,-0.09326112,-0.14070453,-0.023721285,0.07003472,-0.014314178,0.019324537,-0.051910963
0.05053785,0.077494465,0.06663897,-0.034801934,0.0053465227,0.020690948,0.008601312,-0.013657036,0.006146497,-0.011741314
0.053071734,0.018785939,0.10974357,-0.10001546,-0.0945441,-0.013218428,0.042130455,0.023678401,-0.03492762,0.01815268
-0.022867683,-0.06582487,0.0024493732,0.014062979,-0.085536025,-0.034759924,0.008044245,-0.18441574,-0.10098829,-0.073739566
0.06278563,0.07407451,0.030691871,-0.008369223,0.02029592,0.018246425,0.004995873,-0.0096736625,0.014611158,-0.004941565
0.081373036,0.044442814,-0.021332439,0.03537321,0.00739224,0.0047859848,-0.015535305,-0.006250955,-0.019790322,0.0010214421
0.08097271,0.01232009,-0.08245706,0.025036573,0.0051085954,0.013995376,-0.010021024,-0.019651411,0.006806522,-0.025996476
0.05646123,0.07532432,0.055920873,-0.031291205,0.0053733625,0.020298712,0.012494021,0.0063168323,0.020257542,-0.0030120402
0.053881437,0.036853544,0.10475533,-0.091345005,-0.075745314,-0.009846771,0.0017874532,0.043263055,-0.021789005,0.010830902
-0.0550775,-0.06262145,0.011344961,-0.08802097,-0.095256835,-0.031487808,0.02673971,0.039812293,0.023500273,-0.028263306
0.062413592,0.07414164,0.032544386,-0.014089171,0.015535955,0.022498248,0.009551049,-0.0038676376,0.015037616,-0.0035921214
0.073427334,0.060095962,-0.006308828,0.030373862,0.00581318,-0.011387649,-0.045940768,0.008505285,-0.013520109,-0.007828617
0.052031294,-0.014269751,-0.14613923,0.05409468,0.02022219,-0.0040441505,-0.03594157,-0.010566478,0.008901716,-0.016331766
0.061721355,0.071969904,0.047243387,-0.026592452,0.006330361,0.023771105,0.012841178,0.00012408222,0.016164133,-0.0017319183
0.040835686,0.052253336,-0.02403569,-0.15529709,-0.06754696,-0.046685193,-0.08855934,-0.0020021002,-0.014857224,0.034164682
-0.028632717,-0.04448699,0.14860316,-0.008355173,-0.07143208,-0.0070785293,0.028596722,0.08330026,0.013408588,-0.03990001
0.059560187,0.07660045,0.018543145,-0.04200267,0.0120129585,0.023654845,0.01764767,-0.0059919762,0.018586602,0.0012221796
0.030653803,0.08815929,0.024136692,-0.01982108,-0.01765559,-0.07152658,-0.12027215,0.034397822,0.011783399,0.0009876201
0.055330046,-0.0086265365,0.086241454,0.15504879,0.01687711,0.015726905,-0.009725857,0.050640285,0.0025565994,-0.042419247
0.066144615,0.068025835,-0.011855581,-0.05282843,0.014232504,0.02741877,0.009074872,-0.018958716,0.019437738,0.014638147
-0.064046904,0.0023901977,0.11205954,-0.04671994,-0.046052907,-0.07821204,-0.06778369,0.022997847,0.017080653,0.0086419815
0.086517476,0.027987579,0.019629963,0.031612594,0.02718283,0.018686285,-0.007964667,0.02051202,0.019162444,-0.018989466
0.006578182,0.05918791,0.12236569,-0.10746126,-0.056262095,0.033357915,0.045883242,0.0063557285,0.015770188,0.027982878
0.068848506,0.049574915,0.0109616695,0.07666619,0.064523496,-0.024188668,-0.0819236,-0.047160473,0.0046288837,0.02365303
0.085870445,0.024544945,0.034026574,-0.04318314,-5.371188e-06,0.01982533,0.0035094284,0.030096168,0.030789131,-0.010373287
0.03457234,0.07844043,-0.09616137,0.018119218,0.028840227,0.031775665,-0.010280652,-0.05155119,-0.0007102773,0.029030234
-0.029695561,-0.012201204,0.14974326,-0.10011268,0.008437852,-0.06740641,-0.04411324,-0.033295456,0.039781902,0.015893687
0.08251713,0.013093892,-0.061103508,-0.061431408,0.01930757,0.014649025,-0.012702435,0.011796793,0.03918385,-0.0025508767
-0.030184677,0.04287988,-0.118511744,-0.1344267,-0.030131117,0.00983185,0.005679532,-0.058031466,0.0018117629,0.068558894
0.04603939,0.014517118,-0.13887753,-0.023154115,0.09518956,0.013704706,-0.07244221,-0.087567404,-0.00020738726,0.033433832
0.07603173,-0.014421188,-0.00019330782,-0.117329605,-0.05122237,0.03249371,-0.015714243,0.04038382,0.029074363,0.02057765
-0.08732544,0.0038388725,-0.006756503,-0.04666496,-0.059560996,-0.013560685,0.011404801,-0.026330063,-0.020661974,0.04711854
-0.051234886,-0.04209907,0.025779419,-0.16797528,-0.0297365,0.006105297,-0.026652109,-0.03340964,-0.007932529,0.046584558
0.0034305663,-0.050813053,0.15240061,0.040040947,-0.06360365,-0.019465093,-0.004766538,0.06757269,0.013698212,-0.02106685
-0.088126965,-0.019996675,0.0022326757,0.032209706,-0.040434677,-0.016733589,0.004799469,-0.01801066,-0.017423118,0.029586403
-0.06330862,-0.06693885,0.059295557,0.029145597,0.0027874864,-0.011248742,-0.025361674,-0.018194485,-0.015132332,0.0069241156
0.08056848,0.009181833,-0.015556066,0.10407009,0.044937458,0.011107444,-0.035294928,0.012453329,0.016552128,-0.021529658
-0.06365819,0.0016588902,-0.13015793,0.034365594,0.0016384657,-0.008912531,-0.025436325,-0.06766668,-0.022825474,0.054402243
0.0156279,-0.06290722,0.021553645,0.14451073,0.11027584,0.03860567,-0.092034,-0.07475817,-0.023767373,-0.0038099908
0.07398506,-0.00043353217,-0.07980456,-0.09907881,0.0013551794,0.013427173,-0.030884635,0.002914371,0.04369074,0.008514453
-0.087235734,-0.011065354,-0.036202826,-0.036935687,-0.04082014,-0.015079009,9.432601e-06,-0.028801924,-0.01643201,0.037710648
0.001320219,-0.0839459,0.101623185,-0.055145606,0.012185789,0.011862981,-0.034765407,-0.042266868,0.0029367793,0.015464446
0.036508407,-0.031328846,-0.1252484,-0.13041681,-0.031065978,0.015822504,-0.03736116,0.010520802,0.032801215,0.012024683
-0.08814593,-0.017980393,-0.03245553,0.018955484,-0.028915493,-0.0132597145,-0.0026127999,-0.024958536,-0.024454774,0.027442787
0.046208408,-0.08131205,-0.025440864,-0.0015854012,0.04779289,0.053125698,-0.06695806,-0.08420957,-0.021335728,0.036695667
-0.06384994,-0.06939286,-0.009591264,-0.03459728,-0.06368542,-0.015231321,-0.008941274,0.017973322,-0.002338233,0.002039072
-0.085919686,-0.010493208,-0.055087477,0.03429668,-0.019663012,-0.015624477,-0.0062113497,-0.031880572,-0.024490375,0.029755564
0.036583543,-0.07718191,0.09386644,-0.03925579,0.005849509,0.03235735,-0.00029909296,-0.03626607,-0.015453308,0.0062514893
-0.028983662,-0.05727565,-0.08820186,0.14774394,-0.020814555,-0.01579293,-0.042608805,-0.0043703364,-0.031173646,-0.013593204
-0.088719025,-0.02041049,-0.020936806,0.008995983,-0.03349283,-0.013855519,0.00056426076,-0.018536061,-0.018039629,0.025451815
0.020396605,-0.06990837,0.12547858,0.04974776,-0.033344205,0.019523172,0.01899779,-0.009786696,-0.021819668,-0.0035731592
-0.07061964,-0.054791495,0.040027007,0.033013213,-0.06924931,-0.023749353,0.0030309942,0.026817938,-0.02254129,-0.009773968
-0.0839634,-0.018100228,-0.06314106,0.032942526,-0.010515105,-0.012136892,-0.010897875,-0.0319056,-0.019346572,0.028916903
0.084386215,0.013792592,0.029306516,0.07707646,0.023044929,0.019441413,0.009381729,-0.010658041,-0.014065021,-0.008884941
0.023710104,-0.013908778,-0.09298505,0.1942106,-0.022596821,0.005230345,-0.060541224,-0.008823705,-0.03888704,0.0074668857
-0.08920087,-0.015855588,-0.02392516,0.01689987,-0.02905079,-0.018071959,0.0026228433,-0.020451047,-0.017052785,0.020437509
0.078514054,-0.020458335,0.07259081,-0.049339622,-0.02582727,0.048142187,0.027356237,0.0031763385,-0.00681798,0.026277618
-0.0223361,0.011072246,0.14553037,0.06872975,-0.1288599,0.014060881,-8.9589375e-05,0.04976538,-0.06430511,-0.0036398245
-0.087082945,-0.027499842,-0.016220069,0.0313501,-0.0264008,-0.006761893,0.0038225166,-0.015522228,-0.018400377,0.022254612
0.089832075,0.018014876,-0.0075358786,0.0035939848,0.02022916,0.024418334,0.011305822,-0.0150011955,-0.003183539,0.0063543646
0.040856596,0.062644325,0.0450087,0.14151743,-0.040043544,-0.00021713575,-0.014469298,0.0067346334,-0.0482636,0.0074683465
-0.08068061,-0.0147205405,-0.07432086,0.05277871,-0.005752102,-0.004142952,-0.0020970812,-0.032847743,-0.023980774,0.030897463
0.06070377,-0.022552991,0.09740931,-0.09743713,-0.039553817,0.016490517,0.049906526,0.030433089,-0.008231376,-0.038714994
0.055582207,0.07732999,0.039656747,0.046977323,-0.016774673,-0.010752425,0.008629023,0.0048382175,-0.00039431622,0.0025717712
-0.088629395,-0.014013443,0.015892329,0.02266678,-0.034213465,-0.016579082,0.03033847,0.0012205384,-0.019595454,-0.0038384649
0.07770176,-0.00789184,-0.09304639,-0.010053616,0.02069088,0.012532995,-0.013931338,-0.028999547,-0.015531895,-0.015986675
0.04105599,0.077716336,0.083213024,0.024801463,-0.014532242,0.0030044664,0.05694863,0.0026397104,-0.006003019,0.036333624
-0.07085979,0.013209229,0.03170767,0.13720639,-0.018977009,-0.0021514806,0.03210661,-0.012525543,-0.04897133,0.0030861765
0.03542686,-0.025200626,-0.11843919,-0.12996708,-0.05104488,0.005346441,-0.03191932,-0.010692358,-0.025132464,-0.046259012
0.059850775,0.07587658,-0.008155945,-0.0032315096,0.006616938,-0.03553401,0.038250122,-0.03315442,0.012780614,0.037480168
-0.026751544,0.07290057,0.056834538,0.11607339,0.027476463,-0.028280305,0.06974893,0.013182617,-0.008611389,-0.025769195
-0.055660658,-0.05743651,-0.02622162,-0.030605534,-0.05985531,0.0067185783,0.04442243,0.03518452,0.0050268113,-0.09553463
0.06842929,0.0056606624,-0.033526227,-0.12350338,-0.029491639,0.06494597,0.013076222,-0.06820056,0.018057555,0.11267031
0.027265687,0.07099049,0.08758058,0.03518574,0.04617107,-0.063303225,0.077775754,-0.052449774,0.03282832,-0.011627679
-0.077746145,-0.004195545,-0.03271534,-0.0051676645,-0.00094795955,0.10528922,-0.06869841,0.031493038,-0.008723624,-0.124845915
0.0620892,-0.028355978,-0.05097117,-0.05299472,-0.087930605,0.10843548,-0.07270269,-0.061209243,-0.008157794,0.08513675
0.073236234,0.009898105,0.032017276,-0.0225128,0.010903042,-0.15232374,-0.036053166,-0.07760332,0.056355774,0.021407755
-0.07686978,0.013979104,-0.026252935,-0.012714911,-0.04715787,0.0900845,-0.09183268,0.0350136,0.030828632,-0.10605651
0.0006249135,0.013611232,-0.009924766,0.04569961,0.019347424,0.27473575,-0.09018343,0.042383846,-0.07187493,0.014833252
0.07978241,-0.023724338,0.035319366,-0.005988591,-0.012559937,-0.0814519,-0.07801131,-0.053847168,0.04870554,0.05081963
-0.07845153,0.03674609,-0.02115331,0.019155154,0.014066953,0.08065787,-0.017385641,0.059433494,0.023188611,-0.07746662
9.849989e-05,0.033799127,-0.018387841,-0.025789937,0.02889083,0.27292863,-0.008227898,0.00809549,0.022182098,0.014744563
0.07576439,-0.0366231,0.04455519,0.008360818,0.037875373,0.024991997,-0.0934509,-0.040579773,0.019609228,0.065344654
-0.073825456,0.048218742,-0.0035309813,-0.012961897,-0.014817533,0.09239299,-0.03909785,0.049604956,0.016267667,-0.08627911
-0.030061923,0.05152526,0.004996069,-0.033875275,0.017515894,0.24156766,0.012325402,0.03503614,0.023659963,-0.004099101
0.07604501,-0.04084461,0.0396698,-0.019366054,0.0039807474,-0.014902365,-0.1221573,-0.0458024,0.011030307,0.041193925
-0.07420097,0.05133725,0.0014203243,0.015824448,0.028079394,0.07393364,-0.018034799,0.05733716,0.010673295,-0.088691056
-0.057480127,0.0483566,-0.00061185367,-0.04536331,0.025459656,0.17781694,0.011569946,0.04136992,-0.012529094,-0.032556612
0.07493985,-0.045086145,0.034149297,0.00048776765,0.010723233,-0.049365997,-0.10914681,-0.044023395,-0.00713834,0.03523469
-0.07251119,0.053815752,0.00767399,-0.025676955,2.2214792e-05,0.05808704,-0.022218168,0.038953573,0.03874865,-0.0923267
-0.0597626,0.046452645,0.0014547338,-0.07338864,-0.0716873,0.06771642,-0.022089733,0.034737766,-0.0039325003,-0.06856626
0.07503165,-0.043185547,0.03185822,-0.0041825804,0.00033944988,-0.081583306,-0.090048715,-0.048410982,-0.00568518,0.035164107
-0.07402301,0.052535754,0.022731652,0.0034873579,0.021635793,0.065749586,-0.00676671,0.043611098,-0.00984507,-0.081670046
-0.07610586,0.039494563,-0.019657781,0.016294308,0.038683485,0.054168154,0.06293487,0.0643569,-0.012521555,-0.05813233
0.073938236,-0.0496835,0.028069,-0.003102612,0.0031022439,-0.07148794,-0.069588795,-0.04743921,-0.018865421,0.051204637
-0.074890226,0.050899833,0.018553257,-0.021458356,0.026999928,0.07122407,0.013993569,0.02929797,0.0016973995,-0.06056483
-0.05655544,0.032798503,-0.033377025,-0.03137157,-0.08405629,-0.14132902,0.072682135,0.040088322,0.08970457,-0.063011274
0.07407215,-0.04781346,0.023766147,-0.00013291792,-0.0052376743,-0.09353426,-0.053853076,-0.048982248,-0.010384291,0.05258538
-0.074487254,0.0438966,0.029426556,-0.04115375,-0.015082488,-0.007976726,-0.027407555,0.0072273854,0.008475148,-0.09226915
-0.07284753,0.029631153,-0.03257127,0.06775827,0.028565997,-0.062611304,0.10507943,0.066586435,0.021926811,-0.0432685
0.07284023,-0.052678194,0.015794165,0.0036264136,-0.0003200161,-0.091625415,-0.040957518,-0.046534996,-0.0107387295,0.053026423
-0.08180595,0.03220677,0.017757036,0.006582437,0.05927073,0.033815175,0.043665905,0.03462682,-0.013609471,-0.051229704
-0.07222218,0.033879783,-0.02591794,-0.010435191,-0.058604036,-0.061108403,0.115766734,0.016702894,0.07083185,-0.010014762
0.07243982,-0.05389954,0.011476914,-0.0041652145,-0.004537355,-0.090170994,-0.04390902,-0.044398695,-0.0047379932,0.047622424
-0.06115427,0.027603475,-0.00012660449,-0.020449214,-0.0391521,-0.13285731,0.103758655,0.073121265,0.08539303,-0.11790312
-0.076542504,0.027750747,-0.008846337,0.06295366,0.019900057,0.012283354,0.026798924,-0.12546724,-0.054544922,0.15867724
0.07025569,-0.061706904,0.0024779113,-0.0030472893,0.0021388114,-0.079895146,-0.029698595,0.0002000818,0.008260157,-0.004169515
-0.06504774,0.02376305,0.023161253,0.07483758,0.08003619,0.055086408,0.009888331,-0.129855,-0.054526635,0.15123722
-0.07263611,0.021727502,0.016269041,-0.018227633,0.006807951,0.112340994,-0.00786805,-0.118885264,-0.03092512,0.20548232
0.06771911,-0.06743748,-0.006496486,-0.0052677523,-0.0074316193,-0.049820304,-0.01988881,0.039051503,0.031067539,-0.056827363
